Abend;A·bend <-s, -e> [ˈa:bn̩t] SUBST m;1
Abenteuer;Aben·teu·er <-s, -> [ˈa:bn̩tɔyɐ] SUBST nt;1
Ablehnung;Ab·leh·nung <-, -en> [ˈapleːnʊŋ] SUBST f;1
Abschied;Ab·schied <-[e]s, -e> [ˈapʃi:t] SUBST m;1
Adresse;Ad·res·se <-, -n> [aˈdrɛsə] SUBST f;2
Advent;Ad·vent <-s, -e> [atˈvɛnt] SUBST m;2
Affe;Af·fe <-n, -n> [ˈafə] SUBST m;1
Akademie;Aka·de·mie <-, -en> [akadeˈmi:, Pl -ˈmi:ən] SUBST f;3
Aktie;Ak·tie <-, -n> [ˈaktsi̯ə] SUBST f;1
Aktion;Ak·ti·on <-, -en> [akˈtsi̯oːn] SUBST f;2
Aktionär;Ak·ti·o·när <-s, -e> [aktsi̯oˈnɛ:ɐ̯] SUBST m;4
Aktionärin;Ak·ti·o·närin <-s, -en> [aktsi̯oˈnɛ:rən̯] SUBST f;4
Aktivität;Ak·ti·vi·tät <-, -en> [aktiviˈtɛ:t] SUBST f;4
Alarm;A·larm <-[e]s, -e> [aˈlarm] SUBST m;2
Allee;Al·lee <-, -n> [aˈle:, Pl -le:ən] SUBST f;2
Allianz;Al·li·anz <-, -en> [aˈli̯ants] SUBST f;2
Alligator;Al·li·ga·tor <-s, -en> [aliˈga:to:ɐ̯] SUBST m;3
Ambition;Am·bi·ti·on <-, -en> [ambiˈtsi̯o:n] SUBST f meist Pl;3
Analyse;Ana·ly·se <-, -n> [anaˈly:zə] SUBST f;2
Anatomie;Ana·to·mie <-, -n> [anatoˈmi:, Pl -mi:ən] SUBST f;3
Angst;Angst <-, Ängste> [aŋst, Pl ˈɛŋstə] SUBST f;1
Anker;An·ker <-s, -> [ˈaŋkɐ] SUBST m;1
Anlass;An·lass <-es, Anlässe> [ˈanlas, Pl ˈanlɛsə] SUBST m;1
Annahme;An·nah·me <-, -n> [ˈanna:mə] SUBST f;1
Anstieg;An·stieg <-[e]s, -e> [ˈanʃti:k] SUBST m;1
Antrag;An·trag <-[e]s, Anträge> [ˈantra:k, Pl ˈantrɛ:gə] SUBST m;1
Antwort;Ant·wort <-, -en> [ˈantvɔrt] SUBST f;1
Anwalt;An·walt (An·wäl·tin) <-[e]s, Anwälte> [ˈanvalt, ˈanvɛltɪn, Pl ˈanvɛltə] SUBST m (f);1
Anzeige;An·zei·ge <-, -n> [ˈantsaɪ̯ɡə] SUBST f;1
Apfel;Ap·fel <-s, Äpfel> [ˈapfl̩, Pl ˈɛpfl̩] SUBST m;1
Aquädukt;Aquä·dukt <-[e]s, -e> [akvɛˈdʊkt] SUBST m o nt ARCHÄOL;2
Arbeit;Ar·beit <-, -en> [ˈarbait] SUBST f;1
Architektur;Ar·chi·tek·tur <-, -en> [arçitɛkˈtu:ɐ̯] SUBST f;4
Argument;Ar·gu·ment <-[e]s, -e> [arguˈmɛnt] SUBST nt;3
Arm;Arm <-[e]s, -e> [arm] SUBST m ;1
Armee;Ar·mee <-, -n> [arˈme:, Pl -me:ən] SUBST f MILIT;2
Aroma;A·ro·ma <-s, -s> [aˈro:ma] SUBST nt;2
Aroma;Art <-, -en> [a:ɐ̯t̩] SUBST f;1
Artikel;Ar·ti·kel <-s, -> [arˈti:kl̩, arˈtɪkl̩] SUBST m;2
Arzt;Arzt (Ärz·tin) <-es, Ärzte> [a:ɐ̯tst, ˈɛ:ɐ̯tstɪn, Pl ˈɛ:ɐ̯tstə] SUBST m (f);1
Aspekt;As·pekt <-[e]s, -e> [asˈpɛkt] SUBST m geh;2
Ast;Ast <-[e]s, Äste> [ast, Pl ˈɛstə] SUBST m;1
Athlet;Ath·let(in) <-en, -en> [atˈle:t] SUBST m(f);2
Atmosphäre;At·mo·sphä·re <-, -n> [atmoˈsfɛ:rə] SUBST f;3
Aufenthalt;Auf·ent·halt <-[e]s, -e> [ˈaufʔɛnthalt] SUBST m;1
Aufmerksamkeit;Auf·merk·sam·keit <-, -en> [ˈaʊ̯fmɛrkz̥aːmkaɪ̯t] SUBST f;1
Auftrag;Auf·trag <-[e]s, Aufträge> [ˈauftra:k, Pl ˈauftrɛ:gə] SUBST m;1
Auge;Au·ge <-s, -n> [ˈaugə] SUBST nt;1
Auskunft;Aus·kunft <-, Auskünfte> [ˈauskʊnft, Pl -kʏnftə] SUBST f;1
Ausländer;Aus·län·der(in) <-s, -> [ˈauslɛndɐ] SUBST m(f);1
Ausnahme;Aus·nah·me <-, -n> [ˈausna:mə] SUBST f;1
Auto;Au·to <-s, -s> [ˈauto] SUBST nt;1
Autor;Au·tor <-s, -en> [ˈauto:ɐ̯] SUBST m (f);1
Axt;Axt <-, Äxte> [akst, Pl ˈɛkstə] SUBST f;1
Baby;Ba·by <-s, -s> [ˈbe:bi] SUBST nt;1
Bach;Bach <-[e]s, Bäche> [bax, Pl ˈbɛçə] SUBST m;1
Bäckerei;Bä·cke·rei <-, -en> [bɛkəˈrai] SUBST f;3
Bad;Bad <-[e]s, Bäder> [ba:t, Pl ˈbɛ:dɐ] SUBST nt;1
Bahn;Bahn <-, -en> [ba:n] SUBST f;1
Balkon;Bal·kon <-s, -e> [balˈkɔŋ, balˈkõ:] SUBST m;2
Balkon;Bal·kon <-s, -s> [balˈkɔŋ, balˈkõ:] SUBST m;2
Ball;Ball1 <-[e]s, Bälle> [bal, Pl ˈbɛlə] SUBST m;1
Ballett;Bal·lett <-[e]s, -e> [baˈlɛt] SUBST nt;2
Band;Band1 <-[e]s, Bänder> [bant, Pl ˈbɛndɐ] SUBST nt;1
Band;Band2 <-[e]s, -e> [bant, Pl ˈbandə] SUBST nt geh;1
Bank;Bank1 <-, Bänke> [baŋk] SUBST f;1
Bank;Bank2 <-, -en> [baŋk] SUBST f;1
Bar;Bar <-, -s> [ba:ɐ̯] SUBST f;1
Barriere;Bar·ri·e·re <-, -n> [baˈri̯e:rə] SUBST f a. übtr;3
Bart;Bart <-[e]s, Bärte> [ba:ɐ̯t, Pl ˈbɛ:ɐ̯tə] SUBST m;1
Bauer;Bau·er <-n, -n> [ˈbauɐ] SUBST m;1
Baum;Baum <-[e]s, Bäume> [baum, Pl ˈbɔymə] SUBST m;1
Behörde;Be·hör·de <-, -n> [bəˈhø:ɐ̯də] SUBST f;2
Bein;Bein <-[e]s, -e> [bain] SUBST nt;1
Beispiel;Bei·spiel <-[e]s, -e> [ˈbaiʃpi:l] SUBST nt;1
Beitrag;Bei·trag <-[e]s, Beiträge> [ˈbaitra:k, Pl ˈbaitrɛ:gə] SUBST m;1
Bereich;Be·reich <-[e]s, -e> [bəˈraɪ̯ç] SUBST m;2
Bereitschaft;Be·reit·schaft <-, -en> [bəˈraitʃaft] SUBST f;2
Berg;Berg <-[e]s, -e> [bɛrk] SUBST m;1
Bericht;Be·richt <-[e]s, -e> [bəˈrɪçt] SUBST m;2
Beruf;Be·ruf <-[e]s, -e> [bəˈru:f] SUBST m;2
Besuch;Be·such <-[e]s, -e> [bəˈzu:x] SUBST m;2
Betrag;Be·trag <-[e]s, Beträge> [bəˈtra:k, Pl bəˈtrɛ:gə] SUBST m (Geldbetrag);2
Bett;Bett <-[e]s, -en> [bɛt] SUBST nt;1
Beule;Beu·le <-, -n> [ˈbɔylə] SUBST f;1
Beweis;Be·weis <-es, -e> [bəˈvais] SUBST m;2
Bibliothek;Bi·bli·o·thek <-, -en> [biblioˈte:k] SUBST f;4
Biene;Bie·ne <-, -n> [ˈbi:nə] SUBST f;1
Bier;Bier <-[e]s, -e> [bi:ɐ̯] SUBST nt;1
Bieter;Bie·ter(in) <-s, -> [ˈbiːtɐ] SUBST m(f);1
Bilanz;Bi·lanz <-, -en> [biˈlants] SUBST f;2
Bild;Bild <-[e]s, -er> [bɪlt, Pl ˈbɪldɐ] SUBST nt;1
Birne;Bir·ne <-, -n> [ˈbɪrnə] SUBST f;1
Bischof;Bi·schof (Bi·schö·fin) <-s, Bischöfe> [ˈbɪʃɔf, ˈbɪʃo:fɪn, Pl ˈbɪʃœfə] SUBST m (f);1
Blase;Bla·se <-, -n> [ˈbla:zə] SUBST f;1
Blatt;Blatt <-[e]s, Blätter> [blat, Pl ˈblɛtɐ] SUBST nt;1
Blick;Blick <-[e]s, -e> [blɪk] SUBST m;1
Blitz;Blitz <-es, -e> [blɪts] SUBST m;1
Blume;Blu·me <-, -n> [ˈblu:mə] SUBST f;1
Boden;Bo·den <-s, Böden> [ˈbo:dn̩, Pl bø:dn̩] SUBST m;1
Boot;Boot <-[e]s, -e> [bo:t] SUBST nt;1
Börse;Bör·se <-, -n> [ˈbœrzə] SUBST f;1
Bote;Bo·te (Bo·tin) <-n, -n> [ˈbo:tə, ˈbo:tɪn] SUBST m (f);1
Box;Box <-, -en> [bɔks] SUBST f;1
Branche;Bran·che <-, -n> [ˈbrã:ʃə] SUBST f;1
Brand;Brand <-[e]s, Brände> [brant, Pl ˈbrɛndə] SUBST m;1
Brauch;Brauch <-[e]s, Bräuche> [braux, Pl ˈbrɔyçə] SUBST m;1
Bräutigam;Bräu·ti·gam <-s, -e> [ˈbrɔytɪgam, ˈbrɔyti-] SUBST m;1
Brief;Brief <-[e]s, -e> [bri:f] SUBST m;1
Brille;Bril·le <-, -n> [ˈbrɪlə] SUBST f;1
Bruch;Bruch <-[e]s, Brüche> [brʊx, Pl ˈbry:çə] SUBST m;1
Brücke;Brü·cke <-, -n> [ˈbrʏkə] SUBST f;1
Brunnen;Brun·nen <-s, -> [ˈbrʊnən] SUBST m;1
Buch;Buch <-[e]s, Bücher> [bu:x, Pl ˈby:çɐ] SUBST nt;1
Bücherei;Bü·che·rei <-, -en> [by:çəˈrai] SUBST f;3
Buchstabe;Buch·sta·be <-n, -n> [ˈbu:xʃta:bə] SUBST m;1
Buchstabe;Buch·sta·be <-ns, -n> [ˈbu:xʃta:bə] SUBST m;1
Bühne;Büh·ne <-, -n> [ˈby:nə] SUBST f;1
Bulle;Bul·le1 <-n, -n> [ˈbʊlə] SUBST m;1
Bund;Bund1 <-[e]s, Bünde> [bʊnt, Pl ˈbʏndə] SUBST m;1
Bündnis;Bünd·nis <-es, -se> [ˈbʏntnɪs] SUBST nt;1
Burg;Burg <-, -en> [bʊrk] SUBST f;1
Bürger;Bür·ger(in) <-s, -> [ˈbʏrgɐ] SUBST m(f);1
Büro;Bü·ro <-s, -s> [byˈro:] SUBST nt;2
Bus;Bus <-es, -se> [bʊs, Pl ˈbʊsə] SUBST m;1
Chance;Chan·ce <-, -n> [ˈʃã:sə] SUBST f;1
Charakter;Cha·rak·ter <-s, -e> [kaˈraktɐ] SUBST m;2
Chat;Chat <-s, -s> [tʃɛt] SUBST m INET;1
Chef;Chef(in) <-s, -s> [ʃɛf] SUBST m(f);1
Clown;Clown(in) <-s, -s> [klaun] SUBST m(f);1
Club;Club <-s, -s> [klʊp] SUBST m;1
Cocktail;Cock·tail <-s, -s> [ˈkɔkte:l] SUBST m;1
Computer;Com·pu·ter <-s, -> [kɔmˈpju:tɐ] SUBST m;2
Container;Con·tai·ner <-s, -> [kɔnˈte:nɐ] SUBST m;2
Crash;Crash <-s, -s> [kræʃ] SUBST m ugs;1
Dach;Dach <-[e]s, Dächer> [dax, Pl ˈdɛçɐ] SUBST nt;1
Datei;Da·tei <-, -en> [daˈtai] SUBST f COMPUT;2
Debatte;De·bat·te <-, -n> [deˈbatə] SUBST f;2
Decke;De·cke <-, -n> [ˈdɛkə] SUBST f;1
Dekoration;De·ko·ra·tion <-, -en> [dekoraˈtsi̯o:n] SUBST f;4
Delphin;Del·phin1 <-s, -e> [dɛlˈfi:n] SUBST m;2
Demokratie;De·mo·kra·tie <-, -n> [demokraˈti:, Pl demokraˈti:ən] SUBST f;4
Demonstrant;De·mons·trant(in) <-en, -en> [demɔnˈstrant] SUBST m(f);3
Denkmal;Denk·mal <-s, Denkmäler> [ˈdɛŋkma:l, Pl ˈdɛŋkmɛ:lɐ] SUBST nt;1
Denkmal;Denk·mal <-s, -e> [ˈdɛŋkma:l, Pl ˈdɛŋkmɛ:lɐ] SUBST nt;1
Depression;De·pres·si·on <-, -en> [deprɛˈsi̯o:n] SUBST f;4
Designer;De·si·gner(in) <-s, -> [diˈzainɐ] SUBST m(f);2
Detail;De·tail <-s, -s> [deˈtai, deˈta:j] SUBST nt;2
Detektiv;De·tek·tiv(in) <-s, -e> [detɛkˈti:f, Pl detɛkˈti:və] SUBST m(f);3
Diagramm;Di·a·gramm <-s, -e> [diaˈgram] SUBST nt;2
Dialog;Di·a·log <-[e]s, -e> [diaˈlo:k, Pl diaˈlo:gə] SUBST m geh;3
Diamant;Di·a·mant1 <-en, -en> [diaˈmant] SUBST m miner;3
Diät;Di·ät <-, -en> [diˈɛ:t] SUBST f;2
Dichter;Dich·ter(in) <-s, -> [ˈdɪçtɐ] SUBST m(f);1
Dieb;Dieb(in) <-[e]s, -e> [di:p, Pl ˈdi:bə] SUBST m(f);1
Dienst;Dienst <-[e]s, -e> [di:nst] SUBST m;1
Differenz;Dif·fe·renz <-, -en> [dɪfəˈrɛnts] SUBST f;3
Diktator;Dik·ta·tor <-s, -en> [dɪkˈta:to:ɐ̯] SUBST m;2
Dilemma;Di·lem·ma <-s, -s> [diˈlɛma, Pl diˈlɛmata] SUBST nt geh;2
Ding;Ding <-[e]s, -e> [dɪŋ] SUBST nt;1
Ding;Ding <-[e]s, -er> [dɪŋ] SUBST nt;1
Direktor;Di·rek·tor <-s, -en> [diˈrɛkto:ɐ̯] SUBST m;2
Diskussion;Dis·ku·ssion <-, -en> [dɪskʊˈsi̯o:n] SUBST f;3
Distanz;Dis·tanz <-, -en> [dɪsˈtants] SUBST f;2
Diva;Di·va <-, -s> [ˈdi:va, Pl ˈdi:vən] SUBST f;1
Doktor;Dok·tor <-s, -en> [ˈdɔkto:ɐ̯] SUBST m;1
Dokumentation;Do·ku·men·ta·tion <-, -en> [dokumɛntaˈtsi̯o:n] SUBST f;5
Dolmetscher;Dol·met·scher(in) <-s, -> [ˈdɔlmɛtʃɐ] SUBST m(f);1
Dom;Dom <-[e]s, -e> [do:m] SUBST m;1
Donner;Don·ner <-s, -> [ˈdɔnɐ] SUBST m Pl selten;1
Dorf;Dorf <-[e]s, Dörfer> [dɔrf, Pl ˈdœrfɐ] SUBST nt;1
Dose;Do·se <-, -n> [ˈdo:zə] SUBST f;1
Drache;Dra·che <-n, -n> [ˈdraxə] SUBST m (Fabeltier);1
Draht;Draht <-[e]s, Drähte> [dra:t, Pl ˈdrɛ:tə] SUBST m;1
Drang;Drang <-[e]s, Dränge> [draŋ, Pl ˈdrɛŋə] SUBST m;1
Drittel;Drit·tel <-s, -> [ˈdrɪtl̩] SUBST nt;1
Drittel;Drit·tel <-s, -> [ˈdrɪtl̩] SUBST m;1
Druck;Druck1 <-[e]s, Drücke> [drʊk, Pl ˈdrʏkə] SUBST m;1
Druck;Druck2 <-[e]s, -e> [drʊk] SUBST m;1
Dschungel;Dschun·gel <-s, -> [ˈʤʊŋl̩] SUBST m;1
Dusche;Du·sche <-, -n> [ˈdu:ʃə] SUBST f;1
Dutzend;Dut·zend <-s, -e> [ˈdʊtsn̩t, Pl ˈdʊtsn̩də] SUBST nt;1
Ebene;E·be·ne <-, -n> [e:bənə] SUBST f;1
Ecke;Ecke <-, -n> [ˈɛkə] SUBST f;1
Effekt;Ef·fekt <-[e]s, -e> [ɛˈfɛkt] SUBST m;2
Ego;E·go <-s, -s> [ˈe:go] SUBST nt abw;1
Ehe;E·he <-, -n> [ˈe:ə] SUBST f;1
Ehre;Eh·re <-, -n> [ˈe:rə] SUBST f;1
Ei;Ei <-[e]s, -er> [ai] SUBST nt;1
Einnahme;Ein·nah·me <-, -n> [ˈainna:mə] SUBST f;1
Einstieg;Ein·stieg <-[e]s, -e> [ˈainʃti:k, Pl ˈainʃti:gə] SUBST m;1
Einwand;Ein·wand <-[e]s, Einwände> [ˈainvant, Pl ˈainvɛndə] SUBST m;1
Einwohner;Ein·woh·ner(in) <-s, -> [ˈainvo:nɐ] SUBST m(f);1
Elch;Elch <-[e]s, -e> [ɛlç] SUBST m;1
Elefant;E·le·fant <-en, -en> [eleˈfant] SUBST m;3
Element;E·le·ment <-[e]s, -e> [eleˈmɛnt] SUBST nt;2
Elf;Elf <-en, -en> [ɛlf] SUBST m;1
Elfe;El·fe <-, -n> [ˈelfə] SUBST f;1
Ellbogen;Ell·bo·gen <-s, -> [ˈɛlbo:gn̩] SUBST m;1
Emotion;E·mo·tion <-, -en> [emoˈtsi̯o:n] SUBST f;3
Ende;En·de <-s, -n> [ˈɛndə] SUBST nt;1
Energie;E·ner·gie <-, -n> [enɛrˈgi:, Pl -ˈgi:ən] SUBST f;3
Engagement;En·ga·gement <-s, -s> [ãgaʒəˈmã:] SUBST nt;3
Engel;En·gel <-s, -> [ˈɛŋl̩] SUBST m;1
Enkel;En·kel1(in) <-s, -> [ˈɛŋkl̩] SUBST m(f);1
Ente;En·te <-, -n> [ˈɛntə] SUBST f;1
Erde;Er·de <-, -n> [ˈe:ɐ̯də] SUBST f;1
Ernte;Ern·te <-, -n> [ˈɛrntə] SUBST f LANDW, GARTENB;1
Essen;Es·sen <-s, -> [ˈɛsn̩] SUBST nt;1
Essenz;Es·senz <-, -en> [ɛˈsɛnts] SUBST f GASTRO, CHEM;2
Etage;E·ta·ge <-, -n> [eˈta:ʒə] SUBST f;2
Eule;Eu·le <-, -n> [ˈɔylə] SUBST f;1
Euro;Eu·ro <-, -s> [ˈɔyro] SUBST m;1
Euro;Eu·ro <-, -> [ˈɔyro] SUBST m;1
Exemplar;Ex·em·plar <-s, -e> [ɛksɛmˈpla:ɐ̯] SUBST nt;3
Existenz;E·xis·tenz <-, -en> [ɛksɪsˈtɛnts] SUBST f;2
Experiment;Ex·pe·ri·ment <-[e]s, -e> [ɛksperiˈmɛnt] SUBST nt;4
Export;Ex·port <-[e]s, -e> [ɛksˈpɔrt] SUBST m;2
Fabrik;Fa·brik <-, -en> [faˈbri:k] SUBST f;2
Fach;Fach <-[e]s, Fächer> [fax, Pl fɛçɐ] SUBST nt;1
Fackel;Fa·ckel <-, -n> [ˈfakl̩] SUBST f;1
Fahne;Fah·ne <-, -n> [ˈfa:nə] SUBST f;1
Fahrer;Fah·rer(in) <-s, -> [ˈfa:rɐ] SUBST m(f);1
Fahrt;Fahrt <-, -en> [fa:ɐ̯t] SUBST f;1
Fahrzeug;Fahr·zeug <-s, -e> [ˈfaːɐ̯tsɔɪ̯k] SUBST nt;1
Fall;Fall1 <-[e]s, Fälle> [fal, Pl ˈfɛlə] SUBST m;1
Falle;Fal·le <-, -n> [ˈfalə] SUBST f;1
Familie;Fa·mi·li·e <-, -n> [faˈmi:li̯ə] SUBST f;2
Fang;Fang1 <-[e]s, Fänge> [faŋ, Pl ˈfɛŋə] SUBST m;1
Fantasie;Fan·ta·sie1 <-, -n> [fantaˈzi:, Pl -ˈzi:ən] SUBST f;3
Farbe;Far·be <-, -n> [ˈfarbə] SUBST f;1
Favorit;Fa·vo·rit(in) <-en, -en> [favoˈri:t, Pl -ˈri:tn̩] SUBST m(f);3
Februar;Feb·ru·ar <-, -e> [ˈfe:brua:ɐ̯] SUBST m Pl selten;1
Februar;Feb·ru·ar <-s, -e> [ˈfe:brua:ɐ̯] SUBST m Pl selten;1
Feder;Fe·der <-, -n> [ˈfɛdɐ] SUBST f;1
Fee;Fee <-, -n> [fe:, Pl ˈfe:ən] SUBST f;1
Fehler;Feh·ler <-s, -> [ˈfe:lɐ] SUBST m;1
Feier;Fei·er <-, -n> [ˈfaiɐ] SUBST f;1
Feind;Feind(in) <-[e]s, -e> [faint, Pl faində] SUBST m(f);1
Feld;Feld <-[e]s, -er> [felt, Pl ˈfɛldɐ] SUBST nt;1
Fenster;Fens·ter <-s, -> [ˈfɛnstɐ] SUBST nt;1
Fest;Fest <-[e]s, -e> [fɛst] SUBST nt;1
Festnahme;Fest·nah·me <-, -n> [ˈfɛstna:mə] SUBST f;1
Feuer;Feu·er <-s, -> [ˈfɔyɐ] SUBST nt;1
Fichte;Fich·te <-, -n> [fɪçtə] SUBST f;1
Figur;Fi·gur <-, -en> [fiˈgu:ɐ̯] SUBST f;2
Film;Film <-[e]s, -e> [fɪlm] SUBST m;1
Filter;Fil·ter <-s, -> [ˈfɪltɐ] SUBST m;1
Filter;Fil·ter <-s, -> [ˈfɪltɐ] SUBST nt;1
Finale;Fi·na·le <-s, -> [fiˈna:lə] SUBST nt;2
Finale;Fi·na·le <-s, -s> [fiˈna:lə] SUBST nt;2
Finger;Fin·ger <-s, -> [ˈfɪŋɐ] SUBST m;1
Fisch;Fisch <-[e]s, -e> [fɪʃ] SUBST m;1
Fläche;Flä·che <-, -n> [ˈflɛçə] SUBST f;1
Flasche;Fla·sche <-, -n> [ˈflaʃə] SUBST f;1
Fleck;Fleck <-[e]s, -e> [flɛk] SUBST m;1
Fleck;Fleck <-[e]s, -en> [flɛk] SUBST m;1
Fliege;Flie·ge <-, -n> [ˈfli:gə] SUBST f;1
Flinte;Flin·te <-, -n> [ˈflɪntə] SUBST f;1
Flucht;Flucht1 <-, -en> [flʊxt] SUBST f;1
Flüchtling;Flücht·ling <-s, -e> [ˈflʏçtlɪŋ] SUBST m;1
Flur;Flur1 <-[e]s, -e> [flu:ɐ̯] SUBST m;1
Fluss;Fluss <-es, Flüsse> [flʊs, Pl ˈflʏsə] SUBST m;1
Fokus;Fo·kus <-, -se> [ˈfo:kʊs] SUBST m;1
Folge;Fol·ge <-, -n> [ˈfɔlgə] SUBST f;1
Fond;Fond <-s, -s> [fõ:] SUBST m;1
Fondue;Fon·due <-s, -s> [fõˈdy:] SUBST nt;2
Form;Form <-, -en> [fɔrm] SUBST f;1
Foto;Fo·to <-s, -s> [ˈfo:to] SUBST nt;1
Frage;Fra·ge <-, -n> [ˈfra:gə] SUBST f;1
Fraktion;Frak·tion <-, -en> [frakˈtsi̯o:n] SUBST f;2
Franzose;Fran·zo·se1 <-n, -n> [franˈtso:zə] SUBST m;2
Freude;Freu·de <-, -n> [ˈfrɔydə] SUBST f;1
Frieden;Frie·den <-s, -> [ˈfri:dn̩] SUBST m;1
Friseur;Fri·seur <-s, -e> [friˈzø:ɐ̯] SUBST m BRD, A;2
Frucht;Frucht <-, Früchte> [frʊxt, Pl ˈfrʏçtə] SUBST f;1
Frühling;Früh·ling <-s, -e> [ˈfry:lɪŋ] SUBST m;1
Frühstück;Früh·stück <-s, -e> [ˈfry:ʃtʏk] SUBST nt;1
Fuchs;Fuchs (Füch·sin) <-es, Füchse> [fʊks, ˈfʏksɪn, Pl ˈfʏksə] SUBST m (f);1
Führer;Füh·rer <-s, -> [ˈfy:rɐ] SUBST m;1
Fundament;Fun·da·ment <-[e]s, -e> [fʊndaˈmɛnt] SUBST nt;2
Fünf;Fünf <-, -en> [fʏnf] SUBST f;1
Funktion;Funk·tion <-, -en> [fʊŋkˈtsi̯o:n] SUBST f;2
Fusion;Fu·sion <-, -en> [fuˈzi̯o:n] SUBST f;2
Fuß;Fuß <-es, Füße> [fu:s, Pl ˈfy:sə] SUBST m;1
Gabe;Ga·be <-, -n> [ˈga:bə] SUBST f;1
Gabel;Ga·bel <-, -n> [ˈga:bl̩] SUBST f;1
Galerie;Ga·le·rie <-, -n> [galəˈri:, Pl -ˈri:ən] SUBST f;3
Gang;Gang <-[e]s, Gänge> [gaŋ, Pl ˈgɛŋə] SUBST m;1
Gang;Gang <-, -s> [gɛŋ] SUBST f;1
Gans;Gans <-, Gänse> [gans, Pl ˈgɛnzə] SUBST f;1
Garage;Ga·ra·ge <-, -n> [gaˈra:ʒə] SUBST f;2
Garten;Gar·ten <-s, Gärten> [ˈgartn̩, Pl ˈgɛrtn̩] SUBST m;1
Gas;Gas <-es, -e> [ga:s, Pl ˈga:zə] SUBST nt;1
Gast;Gast <-es, Gäste> [gast, Pl ˈgɛstə] SUBST m;1
Gebäude;Ge·bäu·de <-s, -> [gəˈbɔydə] SUBST nt;2
Gebiet;Ge·biet <-[e]s, -e> [gəˈbi:t] SUBST nt;2
Gebot;Ge·bot <-[e]s, -e> [gəˈbo:t] SUBST nt;2
Gebrauch;Ge·brauch <-[e]s, Gebräuche> [gəˈbraux, Pl gəˈbrɔyçə] SUBST m;2
Gebrechen;Ge·bre·chen <-s, -> [gəˈbrɛçn̩] SUBST nt geh;2
Geburt;Ge·burt <-, -en> [gəˈbu:ɐ̯t] SUBST f;2
Gedanke;Ge·dan·ke <-s, -n> [gəˈdaŋkə] SUBST m;2
Gedicht;Ge·dicht <-[e]s, -e> [gəˈdɪçt] SUBST nt;2
Gefahr;Ge·fahr <-, -en> [gəˈfa:ɐ̯] SUBST f;2
Gefühl;Ge·fühl <-[e]s, -e> [gəˈfy:l] SUBST nt;2
Gegend;Ge·gend <-, -en> [ˈge:gn̩t, Pl ˈge:gn̩dən] SUBST f;1
Gehalt;Ge·halt1 <-[e]s, Gehälter> [gəˈhalt, Pl gəˈhɛltɐ] SUBST nt;2
Gehalt;Ge·halt1 <-[e]s, Gehälter> [gəˈhalt, Pl gəˈhɛltɐ] SUBST m;2
Gehalt;Ge·halt2 <-[e]s, -e> [gəˈhalt] SUBST m;2
Gehirn;Ge·hirn <-[e]s, -e> [gəˈhɪrn] SUBST nt;2
Geige;Gei·ge <-, -n> [ˈgaigə] SUBST f;1
Gelände;Ge·län·de <-s, -> [gəˈlɛndə] SUBST nt;2
Gelee;Ge·lee <-s, -s> [ʒeˈle:, ʒəˈle:] SUBST m;2
Gelee;Ge·lee <-s, -s> [ʒeˈle:, ʒəˈle:] SUBST nt;2
Gelegenheit;Ge·le·gen·heit <-, -en> [gəˈle:gn̩hait] SUBST f;2
Gemälde;Ge·mäl·de <-s, -> [gəˈmɛ:ldə] SUBST nt;2
Gemeinde;Ge·mein·de <-, -n> [gəˈmaində] SUBST f;2
Gemüse;Ge·mü·se <-s, -> [gəˈmy:zə] SUBST nt;2
Gen;Gen <-s, -e> [ˈge:n] SUBST nt;1
Generation;Ge·ne·ra·tion <-, -en> [genəraˈtsi̯o:n] SUBST f;4
Genie;Ge·nie <-s, -s> [ʒeˈni:] SUBST nt;2
Genuss;Ge·nuss <-es, Genüsse> [gəˈnʊs, Pl gəˈnʏsə] SUBST m;2
Gerät;Ge·rät <-[e]s, -e> [gəˈrɛ:t] SUBST nt;2
Gericht;Ge·richt1 <-[e]s, -e> [gəˈrɪçt] SUBST nt (Speise);2
Geschäft;Ge·schäft <-[e]s, -e> [gəˈʃɛft] SUBST nt;2
Geschenk;Ge·schenk <-[e]s, -e> [gəˈʃɛŋk] SUBST nt;2
Geschichte;Ge·schich·te <-, -n> [gəˈʃɪçtə] SUBST f;2
Gesetz;Ge·setz <-es, -e> [gəˈzɛts] SUBST nt;2
Gesicht;Ge·sicht1 <-[e]s, -er> [gəˈzɪçt] SUBST nt;2
Gespräch;Ge·spräch <-[e]s, -e> [gəˈʃprɛ:ç] SUBST nt;2
Gestalt;Ge·stalt <-, -en> [gəˈʃtalt] SUBST f;2
Gestell;Ge·stell <-[e]s, -e> [gəˈʃtɛl] SUBST nt;2
Getränk;Ge·tränk <-[e]s, -e> [gəˈtrɛŋk] SUBST nt;2
Gewalt;Ge·walt <-, -en> [gəˈvalt] SUBST f;2
Gewicht;Ge·wicht <-[e]s, -e> [gəˈvɪçt] SUBST nt;2
Gewinn;Ge·winn <-[e]s, -e> [gəˈvɪn] SUBST m;2
Gewitter;Ge·wit·ter <-s, -> [gəˈvɪtɐ] SUBST nt;2
Gipfel;Gip·fel <-s, -> [ˈgɪpfl̩] SUBST m;1
Glas;Glas <-es, Gläser> [gla:s, Pl ˈglɛ:zɐ] SUBST nt;1
Gletscher;Glet·scher <-s, -> [ˈglɛtʃɐ] SUBST m;1
Golf;Golf1 <-[e]s, -e> [gɔlf] SUBST m GEOL;1
Gondel;Gon·del <-, -n> [ˈgɔndl̩] SUBST f;1
Gourmet;Gour·met <-s, -s> [gʊrˈme:] SUBST m;2
Grad;Grad <-[e]s, -e> [gra:t, Pl ˈgra:də] SUBST m;1
Grammatik;Gram·ma·tik <-, -en> [graˈmatɪk] SUBST f;2
Gras;Gras <-es, Gräser> [gra:s, Pl ˈgrɛ:zɐ] SUBST nt;1
Grat;Grat <-[e]s, -e> [gra:t] SUBST m;1
Grenze;Gren·ze <-, -n> [ˈgrɛntsə] SUBST f;1
Grieche;Grie·che (Grie·chin) <-n, -n> [ˈgri:çə, ˈgri:çɪn] SUBST m (f);1
Griff;Griff <-[e]s, -e> [grɪf] SUBST m;1
Grill;Grill <-s, -s> [grɪl] SUBST m;1
Grippe;Grip·pe <-, -n> [ˈgrɪpə] SUBST f;1
Größe;Grö·ße <-, -n> [ˈgrø:sə] SUBST f;1
Grube;Gru·be <-, -n> [ˈgru:bə] SUBST f;1
Grün;Grün <-s, -s> [gry:n] SUBST nt;1
Grün;Grün <-s, -> [gry:n] SUBST nt;1
Grund;Grund <-[e]s, Gründe> [grʊnt, Pl ˈgrʏndə] SUBST m;1
Gruppe;Grup·pe <-, -n> [ˈgrʊpə] SUBST f;1
Gruß;Gruß <-es, Grüße> [gru:s, Pl ˈgry:sə] SUBST m;1
Gürtel;Gür·tel <-s, -> [ˈgʏrtl̩] SUBST m;1
Gutachten;Gut·ach·ten <-s, -> [ˈgu:tʔaxtn̩] SUBST nt;1
Haar;Haar <-[e]s, -e> [ha:ɐ̯] SUBST nt;1
Hafen;Ha·fen1 <-s, Häfen> [ˈha:fn̩, Pl ˈhɛ:fn̩] SUBST m;1
Hahn;Hahn1 <-[e]s, Hähne> [ha:n, Pl ˈhɛ:nə] SUBST m;1
Haken;Ha·ken <-s, -> [ˈha:kn̩] SUBST m;1
Hälfte;Hälf·te <-, -n> [ˈhɛlftə] SUBST f;1
Halle;Hal·le <-, -n> [ˈhalə] SUBST f;1
Hals;Hals <-es, Hälse> [hals, Pl ˈhɛlzə] SUBST m;1
Hammer;Ham·mer <-s, Hämmer> [ˈhamɐ, Pl ˈhɛmɐ] SUBST m;1
Hand;Hand <-, Hände> [hant, Pl ˈhɛndə] SUBST f;1
Händler;Händ·ler(in) <-s, -> [ˈhɛndlɐ] SUBST m(f);1
Handy;Han·dy <-s, -s> [ˈhɛndi] SUBST nt;1
Hang;Hang <-[e]s, Hänge> [haŋ, Pl ˈhɛŋə] SUBST m;1
Harfe;Har·fe <-, -n> [ˈharfə] SUBST f;1
Hase;Ha·se <-n, -n> [ˈha:zə] SUBST m;1
Haufen;Hau·fen <-s, -> [ˈhaufn̩] SUBST m;1
Haupt;Haupt <-[e]s, Häupter> [haupt, Pl ˈhɔyptɐ] SUBST nt geh;1
Haus;Haus <-es, Häuser> [haus, Pl ˈhɔyzɐ] SUBST nt;1
Haushalt;Haus·halt <-[e]s, -e> [ˈhaʊ̯shalt] SUBST m;1
Haut;Haut <-, Häute> [haut, Pl ˈhɔytə] SUBST f;1
Hebamme;Heb·am·me <-, -n> [ˈhe:pʔamə] SUBST f;2
Hecht;Hecht <-[e]s, -e> [hɛçt] SUBST m;1
Hecke;He·cke <-, -n> [ˈhɛkə] SUBST f;1
Heer;Heer <-[e]s, -e> [he:ɐ̯] SUBST nt;1
Heide;Hei·de <-, -n> [ˈhaidə] SUBST f;1
Heimat;Hei·mat <-, -en> [ˈhaima:t] SUBST f;1
Hektar;Hekt·ar <-s, -> [hɛktˈa:ɐ̯] SUBST nt;1
Hektar;Hekt·ar <-s, -> [hɛktˈa:ɐ̯] SUBST m;1
Hektar;Hekt·ar <-s, -e> [hɛktˈa:ɐ̯] SUBST nt;1
Hektar;Hekt·ar <-s, -e> [hɛktˈa:ɐ̯] SUBST m;1
Held;Held(in) <-en, -en> [hɛlt] SUBST m(f);1
Helm;Helm <-[e]s, -e> [hɛlm] SUBST m;1
Herbst;Herbst <-[e]s, -e> [hɛrpst] SUBST m;1
Herkunft;Her·kunft <-, Herkünfte> [ˈhe:ɐ̯kʊnft, Pl ˈhe:rkʏnftə] SUBST f Pl selten;1
Herz;Herz <-, -en> [hɛrts] SUBST nt;1
Hexe;He·xe <-, -n> [ˈhɛksə] SUBST f;1
Hilfe;Hil·fe <-, -n> [ˈhɪlfə] SUBST f;1
Himmel;Him·mel <-s, -> [ˈhɪml̩] SUBST m;1
Hinweis;Hin·weis <-es, -e> [ˈhɪnvais, Pl -vaizə] SUBST m;1
Hirn;Hirn <-[e]s, -e> [hɪrn] SUBST nt;1
Hitze;Hit·ze <-, -n> [ˈhɪtsə] SUBST f;1
Hobby;Hob·by <-s, -s> [ˈhɔbi] SUBST nt;1
Hochzeit;Hoch·zeit1 <-, -en> [ˈhɔxtsait] SUBST f;1
Hof;Hof <-[e]s, Höfe> [ho:f, Pl ˈhø:fə] SUBST m;1
Höhe;Hö·he <-, -n> [ˈhø:hə] SUBST f;1
Höhle;Höh·le <-, -n> [ˈhø:lə] SUBST f;1
Hölle;Höl·le <-, -n> [ˈhœlə] SUBST f Pl selten;1
Holz;Holz <-es, Hölzer> [hɔlts, Pl ˈhœltsɐ] SUBST nt;1
Honig;Ho·nig <-s, -e> [ˈho:nɪç] SUBST m;1
Horde;Hor·de1 <-, -n> [ˈhɔrdə] SUBST f;1
Horizont;Ho·ri·zont <-[e]s, -e> [horiˈtsɔnt] SUBST m;3
Horn;Horn <-[e]s, Hörner> [hɔrn, Pl ˈhœrnɐ] SUBST nt;1
Hose;Ho·se <-, -n> [ˈho:zə] SUBST f;1
Hotel;Ho·tel <-s, -s> [hoˈtɛl] SUBST nt;2
Hügel;Hü·gel <-s, -> [ˈhy:gl̩] SUBST m;1
Huhn;Huhn <-[e]s, Hühner> [hu:n, Pl ˈhy:nɐ] SUBST nt;1
Humor;Hu·mor1 <-s, -e> [huˈmo:ɐ̯] SUBST m Pl selten;2
Hund;Hund <-[e]s, -e> [hʊnt, Pl ˈhʊndə] SUBST m;1
Hut;Hut1 <-[e]s, Hüte> [hu:t, Pl ˈhy:tə] SUBST m;1
Hütte;Hüt·te <-, -n> [ˈhʏtə] SUBST f;1
Idee;I·dee <-, -n> [iˈde:, Pl iˈde:ən] SUBST f;2
Idiot;I·di·ot(in) <-en, -en> [iˈdi̯o:t] SUBST m(f);3
Illusion;Il·lu·sion <-, -en> [ɪluˈzi̯o:n] SUBST f;3
Impuls;Im·puls <-es, -e> [ɪmˈpʊls] SUBST m;2
Industrie;In·dus·trie <-, -n> [ɪndʊsˈtri:] SUBST f;3
Inhalt;In·halt <-[e]s, -e> [ˈɪnhalt] SUBST m;1
Initiative;In·i·ti·a·ti·ve <-, -n> [initsi̯aˈti:və] SUBST f;5
Insel;In·sel <-, -n> [ˈɪnzl̩] SUBST f;1
Institut;In·sti·tut <-[e]s, -e> [instiˈtu:t] SUBST nt;3
Instrument;In·stru·ment <-[e]s, -e> [ɪnstruˈmɛnt] SUBST nt;3
Integration;In·te·gra·tion <-, -en> [ɪntegraˈtsi̯o:n] SUBST f;4
Intelligenz;In·tel·li·genz <-, -en> [ɪntɛliˈgɛnts] SUBST f;4
Interesse;In·te·res·se <-s, -n> [ɪntəˈrɛsə] SUBST nt;3
Interview;In·ter·view <-s, -s> [ˈɪntɐvju:, ɪntɐˈvju:] SUBST nt;1
Investition;In·ves·ti·tion <-, -en> [ɪnvɛstiˈtsi̯o:n] SUBST f;4
Investor;In·ves·tor <-s, -en> [ɪnˈvɛsto:ɐ̯] SUBST m;2
Irrtum;Irr·tum <-[e]s, Irrtümer> [ˈɪrtu:m, Pl ˈɪrty:mɐ] SUBST m;1
Jacke;Ja·cke <-, -n> [ˈjakə] SUBST f;1
Jahr;Jahr <-[e]s, -e> [ja:ɐ̯] SUBST nt;1
Jahrhundert;Jahr·hun·dert <-s, -e> [ja:ɐ̯ˈhʊndɐt] SUBST nt;2
Jahrzehnt;Jahr·zehnt <-[e]s, -e> [ja:ɐ̯ˈtse:nt] SUBST nt;2
Jasmin;Jas·min <-s, -e> [jasˈmi:n] SUBST m;2
Job;Job <-s, -s> [dʒɔp] SUBST m;1
Joker;Jo·ker <-s, -> [ˈjo:kɐ, ˈdʃo:kɐ] SUBST m;1
Journal;Jour·nal <-s, -e> [ʒʊrˈna:l] SUBST nt;2
Journalist;Jour·na·list(in) <-en, -en> [ʒʊrnaˈlɪst] SUBST m(f);3
Junge;Jun·ge <-n, -n> [ˈjʊŋə] SUBST m;1
Jurist;Ju·rist(in) <-en, -en> [juɐɪst] SUBST m(f);2
Kabine;Ka·bi·ne <-, -n> [kaˈbi:nə] SUBST f;2
Kabinett;Ka·bi·nett1 <-s, -e> [kabiˈnɛt] SUBST nt;3
Kaffee;Kaf·fee <-s, -s> [ˈkafe] SUBST m;2
Käfig;Kä·fig <-s, -e> [ˈkɛ:fɪç, Pl ˈkɛ:fɪgə] SUBST m;1
Kakao;Ka·kao <-s, -s> [kaˈkau] SUBST m;2
Kaktus;Kak·tus <-, -se> [ˈkaktʊs, Pl kakˈte:ən, ˈkaktʊsə] SUBST m;1
Kalender;Ka·len·der <-s, -> [kaˈlɛndɐ] SUBST m;2
Kalkulation;Kal·ku·la·tion <-, -en> [kalkulaˈtsi̯o:n] SUBST f;4
Kamera;Ka·me·ra <-, -s> [ˈkaməra] SUBST f;1
Kamin;Ka·min <-s, -e> [kaˈmi:n] SUBST m;2
Kamin;Ka·min <-s, -e> [kaˈmi:n] SUBST nt;2
Kampf;Kampf <-[e]s, Kämpfe> [kampf, Pl ˈkɛmpfə] SUBST m;1
Kanal;Ka·nal <-s, Kanäle> [kaˈna:l, Pl kaˈnɛlə] SUBST m;2
Kandidat;Kan·di·dat(in) <-en, -en> [kandiˈda:t] SUBST m(f);3
Känguru;Kän·gu·ru <-s, -s> [ˈkɛŋguru] SUBST nt;1
Kantine;Kan·ti·ne <-, -n> [kanˈti:nə] SUBST f;2
Kapelle;Ka·pel·le1 <-, -n> [kaˈpɛlə] SUBST f;2
Kapital;Ka·pi·tal <-s, -e> [kapiˈta:l, Pl -li̯ən] SUBST nt;3
Kapitel;Ka·pi·tel <-s, -> [kaˈpɪtl̩] SUBST nt;2
Karawane;Ka·ra·wa·ne <-, -n> [karaˈva:nə] SUBST f;3
Karotte;Ka·rot·te <-, -n> [kaˈrɔtə] SUBST f;2
Karriere;Kar·rie·re <-, -n> [kaˈri̯e:rə] SUBST f;2
Karte;Kar·te <-, -n> [ˈkartə] SUBST f;1
Käse;Kä·se <-s, -> [ˈkɛ:zə] SUBST m;1
Kaserne;Ka·ser·ne <-, -n> [kaˈzɛrnə] SUBST f MILIT;2
Kasse;Kas·se <-, -n> [ˈkasə] SUBST f;1
Kastanie;Kas·ta·nie <-, -n> [kasˈta:ni̯ə] SUBST f BOT;2
Kasten;Kas·ten <-s, Kästen> [ˈkastn̩, Pl ˈkɛstn̩] SUBST m;1
Katastrophe;Ka·ta·stro·phe <-, -n> [kataˈstro:fə] SUBST f;3
Katze;Kat·ze <-, -n> [ˈkatsə] SUBST f;1
Kauf;Kauf <-[e]s, Käufe> [kauf, Pl ˈkɔyfə] SUBST m;1
Käufer;Käu·fer(in) <-s, -> [ˈkɔyfɐ] SUBST m(f);1
Kaviar;Ka·vi·ar <-s, -e> [ˈka:vi̯ar] SUBST m;1
Kegel;Ke·gel <-s, -> [ˈke:gl̩] SUBST m;1
Keller;Kel·ler <-s, -> [ˈkɛlɐ] SUBST m;1
Kellner;Kell·ner <-s, -> [ˈkɛlnɐ] SUBST m;1
Kern;Kern <-[e]s, -e> [kɛrn] SUBST m;1
Kessel;Kes·sel <-s, -> [ˈkɛsəl] SUBST m;1
Kette;Ket·te <-, -n> [ˈkɛtə] SUBST f;1
Kiefer;Kie·fer1 <-, -n> [ˈki:fɐ] SUBST f;1
Kiesel;Kie·sel <-s, -> [ˈki:zl̩] SUBST m;1
Kino;Ki·no <-s, -s> [ˈki:no] SUBST nt;1
Kiosk;Ki·osk <-[e]s, -e> [ˈki:ɔsk] SUBST m;1
Kirche;Kir·che <-, -n> [ˈkɪrçə] SUBST f;1
Kissen;Kis·sen <-s, -> [ˈkɪsn̩] SUBST nt;1
Kiste;Kis·te <-, -n> [ˈkɪstə] SUBST f;1
Klage;Kla·ge <-, -n> [ˈkla:gə] SUBST f;1
Klammer;Klam·mer <-, -n> [ˈklamɐ] SUBST f;1
Klang;Klang <-[e]s, Klänge> [klaŋ, Pl ˈklɛŋə] SUBST m;1
Klasse;Klas·se <-, -n> [ˈklasə] SUBST f;1
Klavier;Kla·vier <-s, -e> [klaˈvi:ɐ̯] SUBST nt;2
Kleber;Kle·ber <-s, -> [ˈkle:bɐ] SUBST m;1
Kleid;Kleid <-[e]s, -er> [klait, Pl ˈklaidɐ] SUBST nt;1
Klima;Kli·ma <-s, -s> [ˈkli:ma] SUBST nt;1
Klingel;Klin·gel <-, -n> [ˈklɪŋl̩] SUBST f;1
Klinik;Kli·nik <-, -en> [ˈkli:nɪk] SUBST f;1
Knochen;Kno·chen <-s, -> [ˈknɔxn̩] SUBST m;1
Knopf;Knopf <-[e]s, Knöpfe> [knɔpf, Pl knœpfə] SUBST m;1
Knoten;Kno·ten <-s, -> [ˈkno:tn̩] SUBST m;1
Koalition;Ko·a·li·tion <-, -en> [koʔaliˈtsi̯o:n] SUBST f;4
Koch;Koch (Kö·chin) <-s, Köche> [kɔx, ˈkœçɪn, Pl ˈkœçə] SUBST m (f);1
Koffer;Kof·fer <-s, -> [ˈkɔfɐ] SUBST m;1
Kohle;Koh·le <-, -n> [ˈko:lə] SUBST f;1
Kollege;Kol·le·ge (Kol·le·gin) <-n, -n> [kɔˈle:gə, kɔˈle:gɪn] SUBST m (f);2
Komet;Ko·met <-en, -en> [koˈme:t] SUBST m;2
Komiker;Ko·mi·ker(in) <-s, -> [ˈko:mɪkɐ] SUBST m(f);1
Kommission;Kom·mis·sion <-, -en> [kɔmɪˈsi̯o:n] SUBST f;3
Kommune;Kom·mu·ne <-, -n> [kɔˈmu:nə] SUBST f;2
Kommunikation;Kom·mu·ni·ka·tion <-, -en> [kɔmunikaˈtsi̯o:n] SUBST f;5
Kompass;Kom·pass <-es, -e> [ˈkɔmpas] SUBST m;1
Kompromiss;Kom·pro·miss <-es, -e> [kɔmproˈmɪs] SUBST m;3
Kondition;Kon·di·tion <-, -en> [kɔndiˈtsi̯o:n] SUBST f;3
Konferenz;Kon·fe·renz <-, -en> [kɔnfeˈrɛnts] SUBST f;3
Konflikt;Kon·flikt <-s, -e> [kɔnˈflɪkt] SUBST m;2
Kongress;Kon·gress <-es, -e> [kɔnˈgrɛs] SUBST m;2
König;Kö·nig <-s, -e> [ˈkø:nɪç, Pl -ɪgə] SUBST m;1
Konkurrenz;Kon·kur·renz <-, -en> [kɔnkʊˈrɛnts] SUBST f;3
Konsequenz;Kon·se·quenz <-, -en> [kɔnzeˈkvɛnts] SUBST f;3
Kontakt;Kon·takt <-[e]s, -e> [kɔnˈtakt] SUBST m;2
Kontinent;Kon·ti·nent <-[e]s, -e> [ˈkɔntinɛnt] SUBST m;3
Kontrolle;Kon·trol·le <-, -n> [kɔnˈtrɔlə] SUBST f;2
Konzept;Kon·zept <-[e]s, -e> [kɔnˈtsɛpt] SUBST nt;2
Konzern;Kon·zern <-s, -e> [kɔnˈtsɛrn] SUBST m;2
Konzert;Kon·zert <-[e]s, -e> [kɔnˈtsɛrt] SUBST nt MUS;2
Kooperation;Ko·o·pe·ra·tion <-, -en> [koʔoperaˈtsi̯o:n] SUBST f;5
Kopf;Kopf <-[e]s, Köpfe> [kɔpf, Pl ˈkœpfə] SUBST m;1
Korb;Korb <-[e]s, Körbe> [kɔrp, Pl ˈkœrbə] SUBST m;1
Körper;Kör·per <-s, -> [ˈkœrpɐ] SUBST m;1
Korridor;Kor·ri·dor <-s, -e> [ˈkɔrido:ɐ̯] SUBST m;1
Kostüm;Kos·tüm <-s, -e> [kɔsˈty:m] SUBST nt;2
Kotelett;Kote·lett <-s, -s> [kɔtˈlɛt] SUBST nt GASTRO;2
Kotelett;Kote·lett <-s, -e> [kɔtˈlɛt] SUBST nt GASTRO;2
Kraft;Kraft <-, Kräfte> [kraft, Pl ˈkrɛftə] SUBST f;1
Krähe;Krä·he <-, -n> [ˈkrɛ:ə] SUBST f;1
Kranz;Kranz <-es, Kränze> [krants, Pl ˈkrɛntsə] SUBST m;1
Krawatte;Kra·wat·te <-, -n> [kraˈvatə] SUBST f;2
Kredit;Kre·dit1 <-[e]s, -e> [kreˈdi:t, -ˈdɪt] SUBST m;2
Kreis;Kreis1 <-es, -e> [krais, Pl ˈkraizə] SUBST m;1
Kreuz;Kreuz <-es, -e> [krɔyts] SUBST nt;1
Krieg;Krieg <-[e]s, -e> [kri:k, Pl ˈkri:gə] SUBST m;1
Krise;Kri·se <-, -n> [ˈkri:zə] SUBST f;1
Kristall;Kris·tall1 <-s, -e> [krɪsˈtal] SUBST m;2
Kritik;Kri·tik <-, -en> [kriˈti:k] SUBST f;2
Kugel;Ku·gel <-, -n> [ˈku:gl̩] SUBST f;1
Kuh;Kuh <-, Kühe> [ku:, Pl ˈky:ə] SUBST f;1
Kulisse;Ku·lis·se <-, -n> [kuˈlɪsə] SUBST f;2
Kultur;Kul·tur <-, -en> [kʊlˈtu:ɐ̯] SUBST f;2
Kunde;Kun·de <-, -n> [ˈkʊndə] SUBST f Pl selten veraltend geh;1
Kunst;Kunst1 <-, Künste> [kʊnst, Pl ˈkʏnstə] SUBST f;1
Künstler;Künst·ler(in) <-s, -> [ˈkʏnstlɐ] SUBST m(f);1
Kürbis;Kür·bis <-es, -se> [ˈkʏrbɪs] SUBST m;1
Kurs;Kurs <-es, -e> [kʊrs, Pl ˈkʊrzə] SUBST m;1
Küste;Küs·te <-, -n> [ˈkʏstə] SUBST f;1
Labor;La·bor <-s, -s> [laˈbo:ɐ̯] SUBST nt;2
Labor;La·bor <-s, -e> [laˈbo:ɐ̯] SUBST nt;2
Lachs;Lachs <-es, -e> [laks] SUBST m;1
Lack;Lack <-[e]s, -e> [lak] SUBST m;1
Lage;La·ge <-, -n> [ˈla:gə] SUBST f;1
Lager;La·ger <-s, -> [ˈla:gɐ] SUBST nt;1
Laie;Lai·e (Lai·in) <-n, -n> [ˈlaiə, ˈlaiɪn] SUBST m (f);1
Lampe;Lam·pe <-, -n> [ˈlampə] SUBST f;1
Land;Land <-[e]s, Länder> [lant, Pl ˈlɛndɐ] SUBST nt;1
Länge;Län·ge <-, -n> [ˈlɛŋə] SUBST f;1
Laterne;La·ter·ne <-, -n> [laˈtɛrnə] SUBST f;2
Lauf;Lauf <-[e]s, Läufe> [lauf, Pl ˈlɔyfə] SUBST m;1
Laune;Lau·ne <-, -n> [ˈlaunə] SUBST f;1
Laut;Laut <-[e]s, -e> [laut] SUBST m;1
Laute;Lau·te <-, -n> [ˈlautə] SUBST f;1
Leben;Le·ben <-s, -> [ˈle:bn̩] SUBST nt;1
Leder;Le·der <-s, -> [ˈle:dɐ] SUBST nt;1
Lehre;Leh·re1 <-, -n> [ˈlerə] SUBST f;1
Leiter;Lei·ter(in) <-s, -> [ˈlaitɐ] SUBST m(f);1
Lektion;Lek·tion <-, -en> [lɛkˈtsi̯o:n] SUBST f;2
Lektüre;Lek·tü·re <-, -n> [lɛkˈty:rə] SUBST f;2
Leser;Le·ser(in) <-s, -> [ˈle:zɐ] SUBST m(f);1
Leuchte;Leuch·te <-, -n> [ˈlɔyçtə] SUBST f;1
Licht;Licht <-[e]s, -er> [lɪçt] SUBST nt;1
Licht;Licht <-[e]s, -e> [lɪçt] SUBST nt;1
Liebe;Lie·be <-, -n> [ˈli:bə] SUBST f;1
Liebhaber;Lieb·ha·ber(in) <-s, -> [ˈli:pha:bɐ] SUBST m(f);1
Lied;Lied <-[e]s, -er> [li:t] SUBST nt;1
Lift;Lift <-[e]s, -s> [lɪft] SUBST m;1
Lift;Lift <-[e]s, -e> [lɪft] SUBST m;1
Linie;Li·nie <-, -n> [ˈli:ni̯ə] SUBST f;1
Link;Link <-s, -s> [lɪŋk] SUBST m INET;1
Link;Link <-s, -s> [lɪŋk] SUBST nt INET;1
Liste;Lis·te <-, -n> [ˈlɪstə] SUBST f;1
Liter;Li·ter <-s, -> [ˈli:tɐ] SUBST m;1
Liter;Li·ter <-s, -> [ˈli:tɐ] SUBST nt;1
Literatur;Li·te·ra·tur <-, -en> [lɪtəraˈtu:ɐ̯] SUBST f;4
Löffel;Löf·fel <-s, -> [ˈlœfl̩] SUBST m;1
Lokal;Lo·kal <-s, -e> [loˈka:l] SUBST nt;2
Luft;Luft <-, Lüfte> [lʊft, Pl ˈlʏftə] SUBST f;1
Lust;Lust <-, Lüste> [lʊst, Pl ˈlʏstə] SUBST f;1
Macht;Macht <-, Mächte> [maxt, Pl ˈmɛçtə] SUBST f;1
Mädchen;Mäd·chen <-s, -> [ˈmɛ:tçən] SUBST nt;1
Magnet;Ma·gnet <-[e]s, -en> [maˈgne:t] SUBST m;2
Magnet;Ma·gnet <-[e]s, -e> [maˈgne:t] SUBST m;2
Maler;Ma·ler(in) <-s, -> [ˈma:lɐ] SUBST m(f);1
Management;Ma·nage·ment <-s, -s> [ˈmɛnɪtʃmənt] SUBST nt;1
Manager;Ma·na·ger(in) <-s, -> [ˈmɛnɪʤɐ] SUBST m(f);1
Mangel;Man·gel1 <-s, Mängel> [ˈmaŋl̩, Pl ˈmɛŋl̩] SUBST m;1
Mann;Mann <-[e]s, Männer> [man, Pl ˈmɛnɐ] SUBST m;1
Marathon;Ma·ra·thon1 <-s, -s> [ˈma:ratɔn] SUBST m SPORT;1
Märchen;Mär·chen <-s, -> [ˈmɛ:ɐ̯çən] SUBST nt;1
Marke;Mar·ke <-, -n> [ˈmarkə, Pl ˈmarkn̩] SUBST f;1
Markt;Markt <-[e]s, Märkte> [markt, Pl ˈmɛrktə] SUBST m;1
Maschine;Ma·schi·ne <-, -n> [maˈʃi:nə] SUBST f;2
Maß;Maß <-es, -e> [ma:s] SUBST nt;1
Maßnahme;Maß·nah·me <-, -n> [ˈma:sna:mə] SUBST f;1
Mauer;Mau·er <-, -n> [ˈmauɐ] SUBST f;1
Medizin;Me·di·zin <-, -en> [mediˈtsi:n] SUBST f;1
Meer;Meer <-[e]s, -e> [me:ɐ̯] SUBST nt;1
Meister;Meis·ter(in) <-s, -> [ˈmaistɐ] SUBST m(f);1
Melodie;Me·lo·die <-, -n> [meloˈdi:, Pl meloˈdi:ən] SUBST f;3
Menge;Men·ge <-, -n> [ˈmɛŋə] SUBST f;1
Mensch;Mensch1 <-en, -en> [ˈmɛnʃ] SUBST m;1
Messer;Mes·ser <-s, -> [ˈmɛsɐ] SUBST nt;1
Metall;Me·tall <-s, -e> [meˈtal] SUBST nt;2
Meter;Me·ter <-s, -> [ˈme:tɐ] SUBST m;1
Meter;Me·ter <-s, -> [ˈme:tɐ] SUBST nt;1
Methode;Me·tho·de <-, -n> [meˈto:də] SUBST f;2
Miete;Mie·te1 <-, -n> [ˈmi:tə] SUBST f;1
Mikrofon;Mi·kro·fon <-s, -e> [mikroˈfo:n] SUBST nt;3
Minister;Mi·nis·ter(in) <-s, -> [miˈnɪstɐ] SUBST m(f) POL;2
Minute;Mi·nu·te <-, -n> [miˈnu:tə] SUBST f;2
Mittag;Mit·tag1 <-[e]s, -e> [ˈmɪta:k, Pl ˈmɪta:gə] SUBST m;1
Mitte;Mit·te <-, -n> [ˈmɪtə] SUBST f;1
Mittel;Mit·tel <-s, -> [ˈmɪtl̩] SUBST nt;1
Möbel;Mö·bel <-s, -> [ˈmø:bl̩] SUBST nt;1
Modell;Mo·dell <-s, -e> [moˈdɛl] SUBST nt;2
Moment;Mo·ment1 <-[e]s, -e> [moˈmɛnt] SUBST m;2
Monat;Mo·nat <-[e]s, -e> [ˈmo:nat] SUBST m;1
Mond;Mond <-[e]s, -e> [mo:nt, Pl ˈmo:ndə] SUBST m;1
Mord;Mord <-[e]s, -e> [mɔrt, Pl ˈmɔrdə] SUBST m;1
Morgen;Mor·gen <-s, -> [ˈmɔrgn̩] SUBST m;1
Motor;Mo·tor <-s, -en> [ˈmo:to:ɐ̯, Pl -ˈto:rən] SUBST m;1
Motto;Mot·to <-s, -s> [ˈmɔto] SUBST nt;1
Mund;Mund <-[e]s, Münder> [mʊnt, Pl ˈmʏndɐ] SUBST m;1
Musik;Mu·sik <-, -en> [muˈzi:k] SUBST f;2
Mutter;Mut·ter1 <-, Mütter> [ˈmʊtɐ, Pl ˈmʏtɐ] SUBST f;1
Nachbar;Nach·bar(in) <-n, -n> [ˈnaxba:ɐ̯] SUBST m(f);1
Nachbar;Nach·bar(in) <-s, -n> [ˈnaxba:ɐ̯] SUBST m(f);1
Nachricht;Nach·richt <-, -en> [ˈna:xrɪçt] SUBST f;1
Nacht;Nacht <-, Nächte> [naxt, Pl ˈnɛçtə] SUBST f;1
Name;Na·me <-s, -n> [ˈna:mə] SUBST m;1
Nase;Na·se <-, -n> [ˈna:zə] SUBST f;1
Nation;Na·tion <-, -en> [naˈtsi̯o:n] SUBST f;2
Natur;Na·tur <-, -en> [naˈtu:ɐ̯, Pl naˈtu:rən] SUBST f;2
Nebel;Ne·bel <-s, -> [ˈne:bl̩] SUBST m;1
Neffe;Nef·fe <-n, -n> [ˈnɛfə] SUBST m;1
Nerv;Nerv <-s, -en> [nɛrf, Pl ˈnɛrfn̩] SUBST m;1
Nerv;Nerv <-en, -en> [nɛrf, Pl ˈnɛrfn̩] SUBST m;1
Netz;Netz <-es, -e> [nɛts] SUBST nt;1
Nichts;Nichts <-, -e> [nɪçts] SUBST nt;1
Niveau;Ni·veau <-s, -s> [niˈvo:] SUBST nt;2
Not;Not <-, Nöte> [no:t, Pl ˈnø:tə] SUBST f;1
Note;No·te <-, -n> [ˈno:tə] SUBST f;1
Notiz;No·tiz <-, -en> [noˈti:ts] SUBST f;2
Nummer;Num·mer <-, -n> [ˈnʊmɐ] SUBST f;1
Nuss;Nuss <-, Nüsse> [nʊs, Pl ˈnʏsə] SUBST f;1
Objekt;Ob·jekt <-[e]s, -e> [ɔpˈjɛkt] SUBST nt;2
Ofen;Ofen <-s, Öfen> [ˈo:fn̩, Pl ˈø:fn̩] SUBST m;1
Ohr;Ohr <-[e]s, -en> [o:ɐ̯] SUBST nt;1
Öl;Öl <-[e]s, -e> [ø:l] SUBST nt;1
Oma;O·ma <-, -s> [ˈo:ma] SUBST f;1
Onkel;On·kel <-s, -> [ˈɔŋkl̩] SUBST m;1
Oper;Oper <-, -n> [ˈo:pɐ] SUBST f MUS;1
Operation;O·pe·ra·tion <-, -en> [opəraˈtsi̯o:n] SUBST f;4
Opfer;Op·fer <-s, -> [ˈɔpfɐ] SUBST nt;1
Opposition;Op·po·si·tion <-, -en> [ɔpoziˈtsi̯o:n] SUBST f;4
Option;Op·tion <-, -en> [ɔpˈtsi̯o:n] SUBST f;2
Orange;O·ran·ge <-, -n> [oˈrã:ʒə, oˈraŋʒə] SUBST f ;2
Orchester;Or·ches·ter <-s, -> [ɔrˈkɛstɐ, ɔrˈçɛstɐ] SUBST nt MUS;2
Organisation;Or·ga·ni·sa·tion <-, -en> [ɔrganizaˈtsi̯o:n] SUBST f;5
Ort;Ort1 <-[e]s, -e> [ɔrt] SUBST m;1
Ozean;O·ze·an <-s, -e> [ˈo:tsea:n] SUBST m;1
Paket;Pa·ket <-[e]s, -e> [paˈke:t] SUBST nt;2
Palast;Pa·last <-[e]s, Paläste> [paˈlast, Pl paˈlɛstə] SUBST m;2
Papier;Pa·pier <-s, -e> [paˈpi:ɐ̯] SUBST nt;2
Parade;Pa·ra·de <-, -n> [paˈra:də] SUBST f;2
Park;Park <-s, -s> [park] SUBST m;1
Parlament;Par·la·ment <-[e]s, -e> [parlaˈmɛnt] SUBST nt;3
Partei;Par·tei <-, -en> [parˈtai] SUBST f;2
Partie;Par·tie <-, -n> [parˈti:, Pl -ˈti:ən] SUBST f;2
Partner;Part·ner(in) <-s, -> [ˈpartnɐ] SUBST m(f);1
Passion;Pass·ion <-, -en> [paˈsi̯o:n] SUBST f;2
Patient;Pa·ti·ent(in) <-en, -en> [paˈtsi̯ɛnt] SUBST m(f);2
Pause;Pau·se1 <-, -n> [ˈpauzə] SUBST f;1
Person;Per·son <-, -en> [pɛrˈzo:n] SUBST f;2
Pfad;Pfad <-[e]s, -e> [pfa:t, Pl ˈpfa:də] SUBST m;1
Pfarrer;Pfar·rer(in) <-s, -> [ˈpfarɐ] SUBST m(f);1
Pfeffer;Pfef·fer <-s, -> [ˈpfɛfɐ] SUBST m;1
Pferd;Pferd <-[e]s, -e> [pfe:ɐ̯t, Pl -də] SUBST nt;1
Pflanze;Pflan·ze <-, -n> [ˈpflantsə] SUBST f;1
Pflicht;Pflicht <-, -en> [pflɪçt] SUBST f;1
Pflug;Pflug <-es, Pflüge> [pflu:k, Pl ˈpfly:gə] SUBST m;1
Pfund;Pfund <-[e]s, -e> [pfʊnt, Pl ˈpfʊndə] SUBST nt;1
Pfund;Pfund <-[e]s, -> [pfʊnt, Pl ˈpfʊndə] SUBST nt;1
Phänomen;Phä·no·men <-s, -e> [fɛnoˈme:n] SUBST nt;3
Phantasie;Phan·ta·sie <-, -n> [fantaˈzi:, Pl -ˈzi:ən] SUBST f;3
Phase;Pha·se <-, -n> [ˈfa:zə] SUBST f;1
Piano;Pi·a·no <-s, -s> [ˈpi̯a:no] SUBST nt geh;2
Picknick;Pick·nick <-s, -e> [ˈpɪknɪk] SUBST nt;1
Picknick;Pick·nick <-s, -s> [ˈpɪknɪk] SUBST nt;1
Pilz;Pilz <-es, -e> [pɪlts] SUBST m;1
Pinguin;Pin·gu·in <-s, -e> [ˈpɪŋgui:n] SUBST m;1
Plan;Plan <-[e]s, Pläne> [pla:n, Pl ˈplɛ:nə] SUBST m;1
Plane;Pla·ne <-, -n> [ˈpla:nə] SUBST f;1
Planet;Pla·net <-en, -en> [plaˈne:t] SUBST m;2
Platz;Platz <-es, Plätze> [plats, Pl ˈplɛtsə] SUBST m;1
Position;Po·si·tion <-, -en> [poziˈtsi̯o:n] SUBST f;3
Posten;Pos·ten <-s, -> [ˈpɔstn̩] SUBST m;1
Preis;Preis <-es, -e> [prais] SUBST m;1
Premiere;Pre·mie·re <-, -n> [prəˈmi̯e:rə] SUBST f;2
Produkt;Pro·dukt <-[e]s, -e> [proˈdʊkt] SUBST nt;2
Produktion;Pro·duk·tion <-, -en> [prodʊkˈtsi̯o:n] SUBST f;3
Professor;Pro·fes·sor (Pro·fes·so·rin) <-s, -en> [proˈfɛso:ɐ̯] SUBST m (f);2
Projekt;Pro·jekt <-[e]s, -e> [proˈjɛkt] SUBST nt;2
Protest;Pro·test <-[e]s, -e> [proˈtɛst] SUBST m;2
Provinz;Pro·vinz <-, -en> [proˈvɪnts] SUBST f;2
Prozess;Pro·zess <-es, -e> [proˈtsɛs] SUBST m;2
Punkt;Punkt <-[e]s, -e> [pʊŋkt] SUBST m;1
Puppe;Pup·pe <-, -n> [ˈpʊpə] SUBST f;1
Quadrat;Qua·drat <-[e]s, -e> [kvaˈdra:t] SUBST nt;2
Qualität;Qua·li·tät <-, -en> [kvaliˈtɛ:t] SUBST f;3
Quartal;Quar·tal <-s, -e> [kvarˈta:l] SUBST nt;2
Quasar;Qua·sar <-s, -e> [kvaˈza:ɐ̯] SUBST m ASTRON;2
Quelle;Quel·le <-, -n> [ˈkvɛlə] SUBST f;1
Rad;Rad1 <-[e]s, Räder> [ra:t, Pl ˈrɛ:dɐ] SUBST nt;1
Radio;Ra·di·o <-s, -s> [ˈra:di̯o] SUBST nt;1
Radio;Ra·di·o <-s, -s> [ˈra:di̯o] SUBST m;1
Rahmen;Rah·men <-s, -> [ˈra:mən] SUBST m;1
Rakete;Ra·ke·te <-, -n> [raˈke:tə] SUBST f;2
Rand;Rand <-es, Ränder> [rant, Pl ˈrɛndɐ] SUBST m;1
Rang;Rang <-[e]s, Ränge> [raŋ, Pl ˈrɛŋə] SUBST m;1
Rat;Rat (Rä·tin) <-[e]s, Räte> [ra:t, ˈrɛ:tɪn, Pl ˈrɛ:tə] SUBST m (f);1
Raum;Raum <-[e]s, Räume> [raum, Pl ˈrɔymə] SUBST m;1
Reaktion;Re·ak·tion <-, -en> [reakˈtsi̯o:n] SUBST f;4
Realität;Re·a·li·tät <-, -en> [realiˈtɛ:t] SUBST f;4
Rebell;Re·bell(in) <-en, -en> [reˈbɛl] SUBST m(f);2
Recht;Recht <-[e]s, -e> [rɛçt] SUBST nt;1
Rede;Re·de <-, -n> [ˈre:də] SUBST f;1
Reform;Re·form <-, -en> [reˈfɔrm] SUBST f;2
Regal;Re·gal <-s, -e> [reˈga:l] SUBST nt;2
Regel;Re·gel1 <-, -n> [ˈre:gl̩] SUBST f;1
Regen;Re·gen <-s, -> [ˈre:gn̩] SUBST m;1
Regie;Re·gie <-, -n> [reˈʒi:, Pl reˈʒi:ən] SUBST f;2
Region;Re·gi·on <-, -en> [reˈgi̯o:n] SUBST f;3
Reich;Reich <-[e]s, -e> [raiç] SUBST nt;1
Reihe;Rei·he <-, -n> [ˈraiə] SUBST f;1
Reise;Rei·se <-, -n> [ˈraizə] SUBST f;1
Reiz;Reiz <-es, -e> [raits] SUBST m;1
Religion;Re·li·gi·on <-, -en> [reliˈgi̯o:n] SUBST f;4
Rennen;Ren·nen <-s, -> [ˈrɛnən] SUBST nt;1
Reparatur;Re·pa·ra·tur <-, -en> [reparaˈtu:ɐ̯] SUBST f;4
Republik;Re·pub·lik <-, -en> [repuˈbli:k] SUBST f;3
Rest;Rest <-[e]s, -en> [rɛst] SUBST m;1
Rest;Rest <-[e]s, -e> [rɛst] SUBST m;1
Restaurant;Re·stau·rant <-s, -s> [rɛstoˈrã:] SUBST nt;3
Revolution;Re·vo·lu·tion <-, -en> [revoluˈtsi̯o:n] SUBST f;4
Rhombus;Rhom·bus <-, Rhomben> [ˈrɔmbʊs, Pl ˈrɔmbn̩] SUBST m;1
Rhythmus;Rhyth·mus <-, Rhythmen> [ˈrʏtmʊs, Pl ˈrʏtmən] SUBST m;1
Ring;Ring <-[e]s, -e> [rɪŋ] SUBST m;1
Risiko;Ri·si·ko <-s, -s> [ˈri:ziko] SUBST nt;1
Ritter;Rit·ter <-s, -> [ˈrɪtɐ] SUBST m;1
Roboter;Ro·bo·ter <-s, -> [ˈrɔbɔtɐ] SUBST m;1
Rock;Rock1 <-[e]s, Röcke> [rɔk, Pl ˈrœkə] SUBST m;1
Rohr;Rohr1 <-[e]s, -e> [ro:ɐ̯] SUBST nt;1
Roman;Ro·man <-s, -e> [roˈma:n] SUBST m;2
Rose;Ro·se <-, -n> [ˈro:zə] SUBST f;1
Rücken;Rü·cken <-s, -> [ˈrʏkn̩] SUBST m;1
Rudel;Ru·del <-s, -> [ˈru:dl̩] SUBST nt;1
Rudiment;Ru·di·ment <-[e]s, -e> [rudiˈmɛnt] SUBST nt;3
Ruf;Ruf <-[e]s, -e> [ru:f] SUBST m;1
Ruine;Ru·i·ne <-, -n> [ruˈi:nə] SUBST f;2
Runde;Run·de <-, -n> [ˈrʊndə] SUBST f;1
Runde;Sa·che <-, -n> [ˈzaxə] SUBST f;1
Saison;Sai·son <-, -s> [zɛˈzõ:, zɛˈzɔŋ] SUBST f;2
Saison;Sai·son <-, -en> [zɛˈzõ:, zɛˈzɔŋ] SUBST f;2
Salz;Salz <-es, -e> [zalts] SUBST nt;1
Sand;Sand <-[e]s, -e> [zant] SUBST m;1
Satz;Satz1 <-es, Sätze> [zats, Pl ˈzɛtsə] SUBST m;1
Schaden;Scha·den <-s, Schäden> [ˈʃa:dn̩, Pl ˈʃɛ:dn̩] SUBST m;1
Schaf;Schaf <-[e]s, -e> [ʃa:f] SUBST nt;1
Schaft;Schaft <-[e]s, Schäfte> [ʃaft, Pl ˈʃɛftə] SUBST m;1
Schal;Schal <-s, -s> [ʃa:l] SUBST m;1
Schal;Schal <-s, -e> [ʃa:l] SUBST m;1
Schall;Schall <-s, -e> [ʃal, Pl ˈʃɛlə] SUBST m;1
Schall;Schall <-s, Schälle> [ʃal, Pl ˈʃɛlə] SUBST m;1
Schatten;Schat·ten <-s, -> [ˈʃatn̩] SUBST m;1
Schatz;Schatz <-es, Schätze> [ʃats, Pl ˈʃɛtsə] SUBST m;1
Schau;Schau <-, -en> [ʃau] SUBST f;1
Schere;Sche·re <-, -n> [ˈʃe:rə] SUBST f;1
Scherz;Scherz <-es, -e> [ʃɛrts] SUBST m;1
Schicksal;Schick·sal <-s, -e> [ˈʃɪkza:l] SUBST nt;1
Schiff;Schiff1 <-[e]s, -e> [ʃɪf] SUBST nt;1
Schlag;Schlag <-[e]s, Schläge> [ʃla:k, Pl ˈʃlɛ:gə] SUBST m;1
Schloss;Schloss <-es, Schlösser> [ʃlɔs, Pl ˈʃlœsɐ] SUBST nt;1
Schluss;Schluss <-es, Schlüsse> [ʃlʊs, Pl ˈʃlʏsə] SUBST m;1
Schlüssel;Schlüs·sel <-s, -> [ˈʃlʏsl̩] SUBST m;1
Schmerz;Schmerz <-es, -en> [ʃmɛrts] SUBST m;1
Schokolade;Scho·ko·la·de <-, -n> [ʃokoˈla:də] SUBST f;3
Schrank;Schrank <-[e]s, Schränke> [ʃraŋk, Pl ˈʃrɛŋkə] SUBST m BRD, CH;1
Schrei;Schrei <-[e]s, -e> [ʃrai] SUBST m;1
Schreiben;Schrei·ben <-s, -> [ˈʃraibn̩] SUBST nt geh;1
Schriftsteller;Schrift·stel·ler(in) <-s, -> [ˈʃrɪftʃtɛlɐ] SUBST m(f);1
Schritt;Schritt <-[e]s, -e> [ʃrɪt] SUBST m;1
Schuh;Schuh <-[e]s, -e> [ʃu:] SUBST m;1
Schuld;Schuld <-, -en> [ʃʊlt] SUBST f meist Pl FIN;1
Schule;Schu·le <-, -n> [ˈʃu:lə] SUBST f;1
Schüssel;Schüs·sel <-, -n> [ˈʃʏsl̩] SUBST f;1
Schutz;Schutz <-es, -e> [ʃʊts] SUBST m;1
Schwager;Schwa·ger (Schwä·ge·rin) <-s, Schwäger> [ˈʃva:gɐ, ˈʃvɛ:gərɪn, Pl ˈʃvɛ:gɐ] SUBST m (f);1
Schwamm;Schwamm <-[e]s, Schwämme> [ʃvam, Pl ˈʃvɛmə] SUBST m;1
Schwester;Schwes·ter <-, -n> [ˈʃvɛstɐ] SUBST f;1
See;See1 <-s, -n> [ze:] SUBST m;1
Seele;See·le <-, -n> [ˈze:lə] SUBST f;1
Seide;Sei·de <-, -n> [ˈzaidə] SUBST f;1
Seife;Sei·fe <-, -n> [ˈzaifə] SUBST f;1
Seite;Sei·te <-, -n> [ˈzaitə] SUBST f;1
Sekret;Se·kret <-[e]s, -e> [zeˈkre:t] SUBST nt;2
Sekretärin;Se·kre·tä·rin <-, -en> [zekreˈtɛːrən] SUBST f;3
Sekunde;Se·kun·de <-, -n> [zeˈkʊndə] SUBST f;2
Senat;Se·nat <-[e]s, -e> [zeˈna:t] SUBST m;2
Sender;Sen·der <-s, -> [ˈzɛndɐ] SUBST m;1
Service;Ser·vice1 <-, -s> [ˈzøɐ̯vɪs] SUBST m;1
Sessel;Ses·sel <-s, -> [ˈzɛsl̩] SUBST m;1
Sicht;Sicht <-, -en> [zɪçt] SUBST f Pl selten;1
Sieb;Sieb <-[e]s, -e> [zi:p, Pl ˈzi:bə] SUBST nt;1
Sieg;Sieg <-[e]s, -e> [zi:k, Pl ˈzi:gə] SUBST m;1
Signal;Si·gnal <-s, -e> [zɪˈgna:l] SUBST nt;2
Sinn;Sinn <-[e]s, -e> [zɪn] SUBST m;1
Situation;Si·tu·a·tion <-, -en> [zitu̯aˈtsi̯o:n] SUBST f;4
Sitz;Sitz <-es, -e> [zɪts] SUBST m;1
Software;Soft·ware <-, -s> [ˈsɔftvɛ:ɐ̯] SUBST f;1
Sohn;Sohn <-[e]s, Söhne> [zo:n, Pl ˈzø:nə] SUBST m;1
Soldat;Sol·dat(in) <-en, -en> [zɔlˈda:t] SUBST m(f);2
Sommer;Som·mer <-s, -> [ˈzɔmɐ] SUBST m;1
Sonne;Son·ne <-, -n> [ˈzɔnə] SUBST f;1
Sorge;Sor·ge <-, -n> [ˈzɔrgə] SUBST f;1
Soße;So·ße <-, -n> [ˈzo:sə] SUBST f;1
Spaß;Spaß <-es, Späße> [ʃpa:s, Pl ˈʃpɛ:sə] SUBST m;1
Spiegel;Spie·gel <-s, -> [ˈʃpi:gl̩] SUBST m;1
Spiel;Spiel <-[e]s, -e> [ʃpi:l] SUBST nt;1
Spieler;Spie·ler(in) <-s, -> [ˈʃpi:lɐ] SUBST m(f);1
Spinne;Spin·ne <-, -n> [ˈʃpɪnə] SUBST f;1
Spitze;Spit·ze1 <-, -n> [ˈʃpɪtsə] SUBST f;1
Sport;Sport <-[e]s, -e> [ʃpɔrt] SUBST m Pl selten;1
Sprache;Spra·che <-, -n> [ˈʃpra:xə] SUBST f;1
Sprecher;Spre·cher(in) <-s, -> [ˈʃprɛçɐ] SUBST m(f);1
Spritze;Sprit·ze <-, -n> [ˈʃprɪtsə] SUBST f;1
Spruch;Spruch <-[e]s, Sprüche> [ʃprʊx, Pl ˈʃprʏçə] SUBST m;1
Sprung;Sprung1 <-[e]s, Sprünge> [ʃprʊŋ, Pl ˈʃprʏŋə] SUBST m (Riss);1
Spur;Spur <-, -en> [ʃpu:ɐ̯] SUBST f;1
Staat;Staat <-[e]s, -en> [ʃta:t] SUBST m;1
Stadt;Stadt <-, Städte> [ʃtat, Pl ˈʃtɛ(:)tə] SUBST f;1
Stahl;Stahl <-[e]s, -e> [ʃta:l, Pl ˈʃtɛ:lə] SUBST m;1
Stahl;Stahl <-[e]s, Stähle> [ʃta:l, Pl ˈʃtɛ:lə] SUBST m;1
Stall;Stall <-[e]s, Ställe> [ʃtal, Pl ˈʃtɛlə] SUBST m;1
Stand;Stand <-[e]s, Stände> [ʃtant, Pl ˈʃtɛndə] SUBST m;1
Stange;Stan·ge <-, -n> [ˈʃtaŋə] SUBST f;1
Stärke;Stär·ke1 <-, -n> [ˈʃtɛrkə] SUBST f;1
Start;Start <-s, -s> [ʃtart, start] SUBST m;1
Status;Sta·tus <-, -> [ˈʃta:tʊs, ˈst-] SUBST m;1
Staub;Staub <-[e]s, Stäube> [ʃtaup, Pl ˈʃtɔybə] SUBST m;1
Staub;Staub <-[e]s, -e> [ʃtaup, Pl ˈʃtɔybə] SUBST m;1
Steak;Steak <-s, -s> [ste:k, ʃte:k] SUBST nt;1
Stein;Stein <-[e]s, -e> [ʃtain] SUBST m;1
Stelle;Stel·le <-, -n> [ˈʃtɛlə] SUBST f;1
Stern;Stern <-[e]s, -e> [ʃtɛrn] SUBST m;1
Steuer;Steu·er1 <-s, -> [ˈʃtɔyɐ] SUBST nt;1
Stich;Stich <-[e]s, -e> [ʃtɪç] SUBST m;1
Stiefel;Stie·fel <-s, -> [ˈʃti:fl̩] SUBST m;1
Stift;Stift1 <-[e]s, -e> [ʃtɪft] SUBST m;1
Stil;Stil <-[e]s, -e> [ʃti:l, st-] SUBST m;1
Stimme;Stim·me <-, -n> [ˈʃtɪmə] SUBST f;1
Stoff;Stoff <-[e]s, -e> [ʃtɔf] SUBST m;1
Storch;Storch <-[e]s, Störche> [ʃtɔrç, Pl ˈʃtœrçə] SUBST m;1
Strand;Strand <-[e]s, Strände> [ʃtrant, Pl ˈʃtrɛndə] SUBST m;1
Straße;Stra·ße <-, -n> [ˈʃtra:sə] SUBST f;1
Strategie;Stra·te·gie <-, -n> [ʃtrateˈgi:, st-, Pl -ˈgi:ən] SUBST f;3
Strecke;Stre·cke <-, -n> [ˈʃtrɛkə] SUBST f;1
Streit;Streit <-[e]s, -e> [ʃtrait] SUBST m;1
Strom;Strom1 <-[e]s, Ströme> [ʃtro:m, Pl ˈʃtrø:mə] SUBST m ELEK;1
Stück;Stück <-[e]s, -e> [ʃtʏk] SUBST nt;1
Stück;Stück <-[e]s, -> [ʃtʏk] SUBST nt;1
Student;Stu·dent(in) <-en, -en> [ʃtuˈdɛnt] SUBST m(f);2
Studie;Stu·die <-, -n> [ˈʃtu:di̯ə] SUBST f;1
Stuhl;Stuhl1 <-[e]s, Stühle> [ʃtu:l, Pl ˈʃty:lə] SUBST m;1
Stunde;Stun·de <-, -n> [ˈʃtʊndə] SUBST f;1
Sturm;Sturm <-[e]s, Stürme> [ʃtʊrm, Pl ˈʃtʏrmə] SUBST m;1
Suche;Su·che <-, -n> [ˈzu:xə] SUBST f;1
Summe;Sum·me <-, -n> [ˈzʊmə] SUBST f;1
Sünde;Sün·de <-, -n> [ˈzʏndə] SUBST f;1
Szene;Sze·ne <-, -n> [ˈstse:nə] SUBST f;1
Tabelle;Ta·bel·le <-, -n> [taˈbɛlə] SUBST f;2
Tafel;Ta·fel <-, -n> [ˈta:fl̩] SUBST f;1
Tag;Tag1 <-[e]s, -e> [ta:k, Pl ta:gə] SUBST m;1
Talent;Ta·lent <-[e]s, -e> [ta:ˈlɛnt] SUBST nt;2
Tanz;Tanz <-es, Tänze> [tants, Pl ˈtɛntsə] SUBST m;1
Tasche;Ta·sche <-, -n> [ˈtaʃə] SUBST f;1
Tasse;Tas·se <-, -n> [ˈtasə] SUBST f;1
Tat;Tat <-, -en> [ta:t] SUBST f;1
Taube;Tau·be <-, -n> [ˈtaubə] SUBST f;1
Tausend;Tau·send <-s, -e> [ˈtauzn̩t, Pl -n̩də] SUBST nt;1
Technik;Tech·nik <-, -en> [ˈteçnɪk] SUBST f;1
Teig;Teig <-[e]s, -e> [taik] SUBST m (Hefe-, Rühr-, Nudelteig);1
Teil;Teil1 <-[e]s, -e> [tail] SUBST m;1
Teilnahme;Teil·nah·me <-, -en> [ˈtailna:mə] SUBST f;1
Telefon;Te·le·fon <-s, -e> [ˈte:lefo:n, teleˈfo:n] SUBST nt;3
Teleskop;Te·le·skop <-s, -e> [teleˈsko:p] SUBST nt;3
Teller;Tel·ler <-s, -> [ˈtɛlɐ] SUBST m;1
Tempo;Tem·po <-s, -s> [ˈtɛmpo, Pl ˈtempi] SUBST nt;1
Tendenz;Ten·denz <-, -en> [tɛnˈdɛnts] SUBST f;2
Teppich;Tep·pich <-s, -e> [ˈtɛpɪç] SUBST m;1
Termin;Ter·min <-s, -e> [tɛrˈmi:n] SUBST m;2
Text;Text <-[e]s, -e> [tɛkst] SUBST m;1
Theater;The·a·ter <-s, -> [teˈatɐ] SUBST nt;2
Theorie;The·o·rie <-, -n> [teoˈri:, Pl -ri:ən] SUBST f;3
Tier;Tier <-[e]s, -e> [ti:ɐ̯] SUBST nt;1
Tiger;Ti·ger <-s, -> [ti:gɐ] SUBST m;1
Tinte;Tin·te <-, -n> [ˈtɪntə] SUBST f;1
Tisch;Tisch <-[e]s, -e> [tɪʃ] SUBST m;1
Titel;Ti·tel <-s, -> [ˈti:tl̩] SUBST m;1
Tochter;To·chter <-, Töchter> [ˈtɔxtɐ, Pl ˈtœçtɐ] SUBST f;1
Tod;Tod <-[e]s, -e> [to:t] SUBST m;1
Ton;Ton1 <-[e]s, -e> [to:n] SUBST m;1
Tonne;Ton·ne <-, -n> [ˈtɔnə] SUBST f;1
Topf;Topf <-[e]s, Töpfe> [tɔpf, Pl ˈtœpfə] SUBST m;1
Tor;Tor <-[e]s, -e> [to:ɐ̯] SUBST nt;1
Tour;Tour <-, -en> [tu:ɐ̯] SUBST f;1
Tourist;Tou·rist(in) <-en, -en> [tuˈrɪst] SUBST m(f);2
Tradition;Tra·di·tion <-, -en> [tradiˈtsi̯o:n] SUBST f;3
Training;Trai·ning <-s, -s> [ˈtrɛ:nɪŋ] SUBST nt SPORT;1
Träne;Trä·ne <-, -n> [ˈtrɛ:nə] SUBST f;1
Traum;Traum <-[e]s, Träume> [traum, Pl trɔymə] SUBST m;1
Treffen;Tref·fen <-s, -> [trɛfn̩] SUBST nt;1
Trend;Trend <-s, -s> [trɛnt] SUBST m;1
Treppe;Trep·pe <-, -n> [ˈtrɛpə] SUBST f;1
Trieb;Trieb1 <-[e]s, -e> [tri:p, Pl ˈtri:bə] SUBST m BOT;1
Tuch;Tuch1 <-[e]s, Tücher> [tu:x, Pl ˈty:çɐ] SUBST nt;1
Tugend;Tu·gend <-, -en> [ˈtu:gn̩t] SUBST f;1
Tür;Tür <-, -en> [ty:ɐ̯] SUBST f;1
Turm;Turm <-[e]s, Türme> [tʊrm, Pl ˈtʏrmə] SUBST m;1
Typ;Typ <-s, -en> [ty:p] SUBST m;1
Übereinkommen;Ü·ber·ein·kom·men <-s, -> [y:bɐˈʔainkɔmən] SUBST nt;3
Übernahme;Ü·ber·nah·me <-, -n> [ˈy:bɐna:mə] SUBST f;1
Ufer;Ufer <-s, -> [ˈu:fɐ] SUBST nt;1
Uhr;Uhr <-, -en> [u:ɐ̯] SUBST f;1
Uniform;U·ni·form <-, -en> [uniˈfɔrm, ˈʊnifɔrm] SUBST f;1
Universität;U·ni·ver·si·tät <-, -en> [univɛrziˈtɛ:t] SUBST f;5
Unterschied;Un·ter·schied <-[e]s, -e> [ˈʊntɐʃi:t] SUBST m;1
Urin;U·rin <-s, -e> [uˈri:n] SUBST m;2
Urlaub;Ur·laub <-[e]s, -e> [ˈu:ɐ̯laup] SUBST m;1
Urteil;Ur·teil <-s, -e> [ˈʊrtail] SUBST nt;1
Variante;Va·ri·an·te <-, -n> [vaˈri̯antə] SUBST f;3
Vase;Va·se <-, -n> [ˈva:zə] SUBST f;1
Vegetarier;Ve·ge·ta·ri·er(in) <-s, -> [vegeˈta:ri̯ɐ] SUBST m(f);3
Veilchen;Veil·chen <-s, -> [ˈfailçən] SUBST nt;1
Verband;Ver·band <-[e]s, Verbände> [fɛɐ̯ˈbant, Pl -ˈbɛndə] SUBST m;2
Verein;Ver·ein <-[e]s, -e> [fɛɐ̯ˈʔain] SUBST m;2
Verfahren;Ver·fah·ren <-s, -> [fɛɐ̯ˈʔfa:rən] SUBST nt;2
Vergleich;Ver·gleich <-[e]s, -e> [fɛɐ̯ˈglaiç] SUBST m;2
Vergnügen;Ver·gnü·gen <-s, -> [fɛɐ̯ˈgny:gn̩] SUBST nt;2
Verkauf;Ver·kauf <-s, Verkäufe> [fɛɐ̯ˈkauf, Pl fɛɐ̯ˈkɔyfə] SUBST m;2
Verlag;Ver·lag <-[e]s, -e> [fɛɐ̯ˈla:k, Pl -ˈla:gə] SUBST m;2
Verlust;Ver·lust <-[e]s, -e> [fɛɐ̯ˈlʊst] SUBST m;2
Vermögen;Ver·mö·gen <-s, -> [fɛɐ̯ˈmø:gn̩] SUBST nt;2
Vers;Vers <-es, -e> [fɛrs, Pl ˈfɛrzə] SUBST m;1
Version;Ver·sion <-, -en> [vɛrˈzi̯o:n] SUBST f;2
Versuch;Ver·such <-[e]s, -e> [fɛɐ̯ˈzu:x] SUBST m;2
Vertrag;Ver·trag <-[e]s, Verträge> [fɛɐ̯ˈtra:k, Pl -ˈtrɛ:gə] SUBST m;2
Verzicht;Ver·zicht <-[e]s, -e> [fɛɐ̯ˈtsɪçt] SUBST m;2
Vetter;Vet·ter <-s, -n> [ˈfɛtɐ] SUBST m;1
Viertel;Vier·tel <-s, -> [ˈfɪrtl̩] SUBST nt;1
Vogel;Vo·gel <-s, Vögel> [ˈfo:gl̩, Pl ˈfø:gl̩] SUBST m;1
Volk;Volk <-[e]s, Völker> [fɔlk, Pl ˈfœlkɐ] SUBST nt;1
Volumen;Vo·lu·men <-s, -> [voˈlu:mən, Pl -mina] SUBST nt;2
Vorbild;Vor·bild <-[e]s, -er> [ˈfo:ɐ̯bɪlt] SUBST nt;1
Vorhaben;Vor·ha·ben <-s, -> [ˈfo:ɐ̯ha:bn̩] SUBST nt;1
Vorhang;Vor·hang <-s, Vorhänge> [ˈfo:ɐ̯haŋ, Pl ˈfo:ɐ̯hɛŋə] SUBST m;1
Vorteil;Vor·teil <-s, -e> [ˈfo:ɐ̯tail] SUBST m;1
Vortrag;Vor·trag <-[e]s, Vorträge> [ˈfo:ɐ̯tra:k, Pl ˈfo:ɐ̯trɛ:gə] SUBST m;1
Vulkan;Vul·kan <-[e]s, -e> [vʊlˈka:n] SUBST m;2
Waffe;Waf·fe <-, -n> [ˈvafə] SUBST f;1
Wagen;Wa·gen <-, Wägen> [ˈva:gn̩, Pl ˈvɛ:gn̩] SUBST m;1
Wagen;Wa·gen <-, -> [ˈva:gn̩, Pl ˈvɛ:gn̩] SUBST m;1
Wahl;Wahl <-, -en> [va:l] SUBST f;1
Wald;Wald <-[e]s, Wälder> [valt, Pl ˈvɛldɐ] SUBST m;1
Wand;Wand <-, Wände> [vant, Pl ˈvɛndə] SUBST f;1
Ware;Wa·re <-, -n> [ˈva:rə] SUBST f;1
Wäsche;Wä·sche <-, -n> [ˈvɛʃə] SUBST f;1
Wasser;Was·ser <-s, Wässer> [ˈvasɐ, Pl ˈvɛsɐ] SUBST nt;1
Wasser;Was·ser <-s, -> [ˈvasɐ, Pl ˈvɛsɐ] SUBST nt;1
Wechsel;Wech·sel1 <-s, -> [ˈvɛksl̩] SUBST m;1
Wehr;Wehr1 <-, -en> [ve:ɐ̯] SUBST f ugs;1
Weihnachten;Weih·nach·ten <-, -> [ˈvainaxtn̩] SUBST nt;1
Welle;Wel·le <-, -n> [ˈvɛlə] SUBST f;1
Welt;Welt <-, -en> [vɛlt] SUBST f;1
Wende;Wen·de <-, -n> [ˈvɛndə] SUBST f;1
Werk;Werk <-[e]s, -e> [vɛrk] SUBST nt;1
Wert;Wert <-[e]s, -e> [ve:ɐ̯t] SUBST m;1
Wettbewerb;Wett·be·werb <-[e]s, -e> [ˈvɛtbəvɛrp] SUBST m;1
Wetter;Wet·ter <-s, -> [ˈvɛtɐ] SUBST nt;1
Wiese;Wie·se <-, -n> [vi:zə] SUBST f;1
Wind;Wind <-[e]s, -e> [vɪnt, Pl ˈvɪndə] SUBST m;1
Winter;Win·ter <-s, -> [ˈvɪntɐ] SUBST m;1
Wissenschaftler;Wis·sen·schaft·ler(in) [ˈvɪsn̩ʃaftlɐ] <-s, -> SUBST m(f);1
Witz;Witz <-es, -e> [vɪts] SUBST m;1
Woche;Wo·che <-, -n> [ˈvɔxə] SUBST f;1
Wolke;Wol·ke <-, -n> [ˈvɔlkə] SUBST f;1
Wort;Wort <-[e]s, -e> [vɔrt, Pl ˈvœrtɐ, ˈvɔrtə] SUBST nt;1
Wort;Wort <-[e]s, Wörter> [vɔrt, Pl ˈvœrtɐ, ˈvɔrtə] SUBST nt;1
Wunder;Wun·der <-s, -> [ˈvʊndɐ] SUBST nt;1
Wunsch;Wunsch <-[e]s, Wünsche> [vʊnʃ, Pl ˈvʏnʃə] SUBST m;1
Wurf;Wurf <-[e]s, Würfe> [vʊrf, Pl ˈvʏrfə] SUBST m;1
Wurzel;Wur·zel <-, -n> [ˈvʊrtsl̩] SUBST f;1
Wüste;Wüs·te <-, -n> [ˈvy:stə] SUBST f;1
Zahl;Zahl <-, -en> [tsa:l] SUBST f;1
Zaun;Zaun <-[e]s, Zäune> [tsaun, Pl ˈtsɔynə] SUBST m;1
Zeichen;Zei·chen <-s, -> [ˈtsaiçn̩] SUBST nt;1
Zeit;Zeit <-, -en> [tsait] SUBST f;1
Zelle;Zel·le <-, -n> [ˈtsɛlə] SUBST f;1
Zelt;Zelt <-[e]s, -e> [tsɛlt] SUBST nt;1
Zeppelin;Zep·pe·lin <-s, -e> [ˈtsɛpəli:n] SUBST m;1
Zettel;Zet·tel <-s, -> [ˈtsɛtl̩] SUBST m;1
Zeuge;Zeu·ge (Zeu·gin) <-n, -n> [ˈtsɔygə, ˈtsɔygɪn] SUBST m (f) JUR;1
Ziege;Zie·ge <-, -n> [ˈtsi:gə] SUBST f;1
Ziel;Ziel <-[e]s, -e> [tsi:l] SUBST nt;1
Zigarette;Zi·ga·ret·te <-, -n> [tsigaˈrɛtə] SUBST f;3
Zimmer;Zim·mer <-s, -> [ˈtsɪmɐ] SUBST nt;1
Zins;Zins1 <-es, -en> [tsɪns] SUBST m FIN;1
Zirkus;Zir·kus <-, -se> [ˈtsɪrkʊs] SUBST m;1
Zitrone;Zi·tro·ne <-, -n> [tsiˈtro:nə] SUBST f;2
Zoll;Zoll1 <-[e]s, -> [tsɔl] SUBST m;1
Zopf;Zopf <-[e]s, Zöpfe> [tsɔpf, Pl tsœpfə] SUBST m;1
Zucker;Zu·cker1 <-s, -> [ˈtsʊkɐ] SUBST m;1
Zug;Zug1 <-[e]s, Züge> [tsu:k, Pl ˈtsy:gə] SUBST m;1
Zugang;Zu·gang <-[e]s, Zugänge> [ˈtsu:gaŋ, Pl ˈtsu:gɛŋə] SUBST m;1
Zunge;Zun·ge <-, -n> [ˈtsʊŋə] SUBST f;1
Zweck;Zweck <-[e]s, -e> [tsvɛk] SUBST m;1
Zweifel;Zwei·fel <-s, -> [ˈtsvaifl̩] SUBST m;1
Zwerg;Zwerg(in) <-[e]s, -e> [tsvɛrk, Pl ˈtsvɛrgə] SUBST m(f);1
Zwiebel;Zwie·bel <-, -n> [ˈtsvi:bl̩] SUBST f;1
